page	tags	groups	imageBacked	invisibleText	validates	applies	pageReason	rejectedGroups	groupReasons	taggedLines	lines
1	4	3	false	false	true	all	-	0	-	4	4
4	13	13	true	false	true	all	-	0	-	13	26
5	1	1	false	false	true	all	-	0	-	1	32
8	3	2	true	false	true	all	-	0	-	6	12
9	1	1	false	false	true	all	-	0	-	3	19
10	4	4	false	false	true	all	-	0	-	12	21
11	3	3	false	false	true	all	-	0	-	10	18
12	6	6	false	false	true	all	-	0	-	23	31
13	1	1	false	false	true	all	-	0	-	6	18
14	3	2	true	false	true	all	-	0	-	7	13
15	3	3	false	false	true	all	-	0	-	10	13
16	4	4	false	false	true	all	-	0	-	11	34
17	4	4	false	false	true	all	-	0	-	16	20
18	4	4	false	false	true	all	-	0	-	13	22
19	3	3	false	false	true	all	-	0	-	23	41
20	3	3	false	false	true	all	-	0	-	6	30
21	8	8	false	false	true	all	-	0	-	17	32
22	1	1	false	false	true	all	-	0	-	3	39
24	3	2	true	false	true	all	-	0	-	4	11
25	4	4	false	false	true	all	-	0	-	17	28
26	5	5	false	false	true	all	-	0	-	25	41
27	4	4	false	false	true	partial	-	3	unknownOrigin=3	14	45
28	5	5	false	false	true	partial	-	3	unknownOrigin=3	4	40
29	2	2	false	false	true	partial	-	1	unknownOrigin=1	3	20
30	7	7	false	false	true	all	-	0	-	25	33
31	7	7	false	false	true	all	-	0	-	23	30
32	9	9	false	false	true	partial	-	3	mcidShownOnlyFromUnknownOrigin=1,unknownOrigin=3	15	47
33	8	8	false	false	true	all	-	0	-	35	44
34	4	4	false	false	true	partial	-	3	unknownOrigin=3	4	49
35	7	7	false	false	true	partial	-	2	unknownOrigin=2	16	47
36	4	4	false	false	true	partial	-	1	noLineAtOrigin=1	22	55
37	7	7	false	false	true	all	-	0	-	34	46
38	7	7	false	false	true	all	-	0	-	22	33
39	5	5	false	false	true	partial	-	2	mcidShownOnlyFromUnknownOrigin=1,unknownOrigin=2	13	30
40	6	6	false	false	true	partial	-	2	mcidShownOnlyFromUnknownOrigin=1,unknownOrigin=2	18	40
41	6	6	false	false	true	partial	-	2	unknownOrigin=2	28	41
42	6	6	false	false	true	partial	-	2	unknownOrigin=2	24	43
43	7	7	false	false	true	partial	-	1	unknownOrigin=1	17	34
44	8	8	false	false	true	partial	-	4	noLineAtOrigin=1,unknownOrigin=3	9	35
45	2	2	false	false	true	partial	-	1	unknownOrigin=1	2	14
47	6	6	false	false	true	partial	-	2	mcidShownOnlyFromUnknownOrigin=1,unknownOrigin=2	23	42
48	1	1	false	false	true	all	-	0	-	3	5
50	3	2	true	false	true	all	-	0	-	6	12
51	4	4	false	false	true	partial	-	1	unknownOrigin=1	8	24
52	9	9	false	false	true	partial	-	2	unknownOrigin=2	21	31
53	9	9	false	false	true	partial	-	2	mcidShownOnlyFromUnknownOrigin=1,unknownOrigin=2	21	33
54	8	5	false	false	true	partial	-	2	unknownOrigin=2	4	78
55	3	3	false	false	true	all	-	0	-	8	24
56	5	5	false	false	true	partial	-	1	unknownOrigin=1	17	42
57	8	8	false	false	true	all	-	0	-	29	43
58	12	12	false	false	true	partial	-	3	mcidShownOnlyFromUnknownOrigin=1,unknownOrigin=3	31	63
59	4	4	false	false	true	partial	-	1	unknownOrigin=1	8	22
60	4	4	false	false	true	all	-	0	-	17	55
61	7	7	false	false	true	all	-	0	-	25	42
63	4	4	false	false	true	all	-	0	-	16	40
66	3	2	true	false	true	all	-	0	-	7	12
67	3	3	false	false	true	partial	-	1	unknownOrigin=1	6	19
68	4	4	false	false	true	partial	-	2	unknownOrigin=2	2	29
69	4	4	false	false	true	partial	-	1	unknownOrigin=1	10	22
70	4	4	false	false	true	partial	-	1	unknownOrigin=1	9	27
71	6	6	false	false	true	all	-	0	-	35	45
72	8	8	false	false	true	all	-	0	-	34	44
73	5	5	false	false	true	partial	-	1	unknownOrigin=1	10	41
74	10	10	false	false	true	partial	-	1	unknownOrigin=1	26	40
75	3	3	false	false	true	all	-	0	-	8	71
76	6	6	false	false	true	all	-	0	-	30	37
77	2	2	false	false	true	all	-	0	-	3	61
78	9	9	false	false	true	all	-	0	-	24	40
79	10	9	false	false	true	partial	-	1	mcidShownOnlyFromUnknownOrigin=1,unknownOrigin=1	29	46
80	10	9	false	false	true	partial	-	1	mcidShownOnlyFromUnknownOrigin=1,unknownOrigin=1	26	45
81	8	8	false	false	true	all	-	0	-	25	33
84	7	7	false	false	true	all	-	0	-	35	47
85	8	8	false	false	true	all	-	0	-	31	46
86	4	4	false	false	true	partial	-	1	unknownOrigin=1	11	70
88	3	2	true	false	true	all	-	0	-	6	14
89	3	3	false	false	true	all	-	0	-	11	16
90	8	8	false	false	true	all	-	0	-	25	34
91	7	7	false	false	true	partial	-	1	mcidShownOnlyFromUnknownOrigin=1,unknownOrigin=1	15	43
92	7	7	false	false	true	partial	-	1	unknownOrigin=1	27	48
93	7	7	false	false	true	all	-	0	-	17	24
94	6	5	false	false	true	all	-	0	-	31	53
95	5	5	false	false	true	all	-	0	-	36	45
96	2	2	false	false	true	all	-	0	-	6	20
97	6	6	false	false	true	all	-	0	-	19	38
98	4	4	false	false	true	partial	-	1	unknownOrigin=1	8	24
99	10	10	false	false	true	partial	-	1	unknownOrigin=1	27	33
100	3	3	false	false	true	all	-	0	-	16	24
101	6	6	false	false	true	all	-	0	-	21	34
102	4	4	false	false	true	all	-	0	-	13	54
103	11	7	false	false	true	partial	-	4	lineSharedByGroups=4	6	43
104	5	5	false	false	true	partial	-	1	unknownOrigin=1	19	34
105	6	6	false	false	true	all	-	0	-	15	24
106	8	8	false	false	true	all	-	0	-	32	34
107	10	10	false	false	true	all	-	0	-	31	33
108	9	9	false	false	true	all	-	0	-	31	33
109	3	3	false	false	true	all	-	0	-	11	55
110	8	8	false	false	true	partial	-	1	unknownOrigin=1	27	35
111	1	1	false	false	true	all	-	0	-	5	36
112	5	5	false	false	true	all	-	0	-	26	32
113	4	4	false	false	true	all	-	0	-	8	23
114	5	5	false	false	true	all	-	0	-	19	35
116	3	2	true	false	true	all	-	0	-	8	14
117	3	3	false	false	true	all	-	0	-	7	23
118	3	3	false	false	true	all	-	0	-	8	34
119	6	6	false	false	true	all	-	0	-	26	35
122	7	7	false	false	true	all	-	0	-	33	41
123	6	6	false	false	true	partial	-	1	mcidShownOnlyFromUnknownOrigin=1,unknownOrigin=1	15	37
124	7	7	false	false	true	partial	-	1	unknownOrigin=1	23	34
125	5	5	false	false	true	all	-	0	-	18	53
126	7	7	false	false	true	partial	-	1	mcidShownOnlyFromUnknownOrigin=1,unknownOrigin=1	18	23
127	8	8	false	false	true	all	-	0	-	30	32
128	7	7	false	false	true	partial	-	1	unknownOrigin=1	16	40
129	4	4	false	false	true	all	-	0	-	15	34
130	1	1	false	false	true	all	-	0	-	3	22
131	10	4	false	true	true	partial	Tr@L230	0	-	0	35
132	5	5	false	false	true	partial	-	1	mcidShownOnlyFromUnknownOrigin=1,unknownOrigin=1	10	28
133	1	1	false	false	true	all	-	0	-	7	9
135	3	3	false	false	true	partial	-	1	unknownOrigin=1	2	7
