the-fed-explained.pdf	1	applied	3	0	
the-fed-explained.pdf	4	applied	13	0	t:mcid-unplaced
the-fed-explained.pdf	5	applied	1	0	t:blank-show+t:mcid-unplaced
the-fed-explained.pdf	8	groups	2	1	t:blank-show+t:mcid-unplaced
the-fed-explained.pdf	9	applied	1	0	t:blank-show+t:mcid-unplaced
the-fed-explained.pdf	10	applied	4	0	t:blank-show+t:mcid-unplaced
the-fed-explained.pdf	11	applied	3	0	t:blank-show+t:mcid-unplaced
the-fed-explained.pdf	12	applied	6	0	t:blank-show+t:mcid-unplaced
the-fed-explained.pdf	13	applied	1	0	t:blank-show+t:mcid-unplaced
the-fed-explained.pdf	14	groups	2	1	t:blank-show+t:mcid-unplaced
the-fed-explained.pdf	15	applied	3	0	t:blank-show+t:mcid-unplaced
the-fed-explained.pdf	16	applied	4	0	t:blank-show+t:mcid-unplaced
the-fed-explained.pdf	17	applied	4	0	t:blank-show
the-fed-explained.pdf	18	applied	4	0	t:blank-show+t:mcid-unplaced
the-fed-explained.pdf	19	applied	3	0	t:blank-show+t:mcid-unplaced
the-fed-explained.pdf	20	scan	3	0	form
the-fed-explained.pdf	21	applied	8	0	t:blank-show+t:mcid-unplaced+t:artifact-unplaced
the-fed-explained.pdf	22	applied	1	0	t:blank-show+t:mcid-unplaced
the-fed-explained.pdf	24	groups	2	2	t:blank-show+t:mcid-unplaced
the-fed-explained.pdf	25	applied	4	0	t:blank-show+t:mcid-unplaced
the-fed-explained.pdf	26	applied	5	0	t:blank-show+t:mcid-unplaced
the-fed-explained.pdf	27	groups	4	3	t:blank-show+t:mcid-unplaced
the-fed-explained.pdf	28	groups	5	3	t:blank-show+t:mcid-unplaced
the-fed-explained.pdf	29	groups	2	1	t:blank-show+t:mcid-unplaced
the-fed-explained.pdf	30	applied	7	0	t:blank-show+t:mcid-unplaced
the-fed-explained.pdf	31	applied	7	0	t:blank-show+t:mcid-unplaced
the-fed-explained.pdf	32	groups	9	3	t:blank-show+t:mcid-unplaced
the-fed-explained.pdf	33	applied	8	0	t:blank-show+t:mcid-unplaced
the-fed-explained.pdf	34	groups	4	3	t:blank-show+t:mcid-unplaced
the-fed-explained.pdf	35	groups	7	2	t:blank-show+t:mcid-unplaced
the-fed-explained.pdf	36	applied	4	0	t:blank-show+t:mcid-unplaced
the-fed-explained.pdf	37	applied	7	0	t:blank-show+t:mcid-unplaced
the-fed-explained.pdf	38	applied	7	0	t:blank-show+t:mcid-unplaced
the-fed-explained.pdf	39	groups	5	2	t:blank-show+t:mcid-unplaced
the-fed-explained.pdf	40	groups	6	2	t:blank-show+t:mcid-unplaced
the-fed-explained.pdf	41	groups	6	2	t:blank-show+t:mcid-unplaced
the-fed-explained.pdf	42	groups	6	2	t:blank-show+t:mcid-unplaced
the-fed-explained.pdf	43	groups	7	1	t:blank-show+t:mcid-unplaced
the-fed-explained.pdf	44	groups	8	4	t:blank-show+t:mcid-unplaced
the-fed-explained.pdf	45	groups	2	1	t:blank-show+t:mcid-unplaced
the-fed-explained.pdf	47	groups	6	2	t:blank-show+t:mcid-unplaced
the-fed-explained.pdf	48	applied	1	0	t:blank-show
the-fed-explained.pdf	50	groups	2	1	t:blank-show+t:mcid-unplaced
the-fed-explained.pdf	51	groups	4	1	t:blank-show+t:mcid-unplaced
the-fed-explained.pdf	52	groups	9	2	t:blank-show+t:mcid-unplaced
the-fed-explained.pdf	53	groups	9	2	t:blank-show+t:mcid-unplaced
the-fed-explained.pdf	54	groups	5	2	t:blank-show+t:mcid-unplaced
the-fed-explained.pdf	55	applied	3	0	t:blank-show+t:mcid-unplaced
the-fed-explained.pdf	56	groups	5	1	t:blank-show+t:mcid-unplaced
the-fed-explained.pdf	57	applied	8	0	t:blank-show+t:mcid-unplaced
the-fed-explained.pdf	58	groups	12	3	t:blank-show+t:mcid-unplaced
the-fed-explained.pdf	59	groups	4	1	t:blank-show+t:mcid-unplaced
the-fed-explained.pdf	60	applied	4	0	t:blank-show+t:mcid-unplaced
the-fed-explained.pdf	61	applied	7	0	t:blank-show+t:mcid-unplaced
the-fed-explained.pdf	63	applied	4	0	t:blank-show+t:mcid-unplaced
the-fed-explained.pdf	66	groups	2	1	t:blank-show+t:mcid-unplaced
the-fed-explained.pdf	67	groups	3	1	t:blank-show+t:mcid-unplaced
the-fed-explained.pdf	68	groups	4	2	t:blank-show+t:mcid-unplaced
the-fed-explained.pdf	69	groups	4	1	t:blank-show+t:mcid-unplaced
the-fed-explained.pdf	70	groups	4	1	t:blank-show+t:mcid-unplaced
the-fed-explained.pdf	71	applied	6	0	t:blank-show
the-fed-explained.pdf	72	applied	8	0	t:blank-show+t:mcid-unplaced
the-fed-explained.pdf	73	groups	5	1	t:blank-show+t:mcid-unplaced
the-fed-explained.pdf	74	groups	10	1	t:blank-show+t:mcid-unplaced
the-fed-explained.pdf	75	applied	3	0	t:blank-show
the-fed-explained.pdf	76	applied	6	0	t:blank-show
the-fed-explained.pdf	77	applied	2	0	t:blank-show+t:mcid-unplaced
the-fed-explained.pdf	78	applied	9	0	t:blank-show+t:mcid-unplaced
the-fed-explained.pdf	79	groups	9	1	t:blank-show+t:mcid-unplaced
the-fed-explained.pdf	80	groups	9	1	t:blank-show+t:mcid-unplaced
the-fed-explained.pdf	81	applied	8	0	t:blank-show+t:mcid-unplaced
the-fed-explained.pdf	84	applied	7	0	t:blank-show
the-fed-explained.pdf	85	applied	8	0	t:blank-show+t:mcid-unplaced
the-fed-explained.pdf	86	groups	4	1	t:blank-show+t:mcid-unplaced
the-fed-explained.pdf	88	groups	2	1	t:blank-show+t:mcid-unplaced
the-fed-explained.pdf	89	applied	3	0	t:blank-show+t:mcid-unplaced+t:artifact-unplaced
the-fed-explained.pdf	90	applied	8	0	t:blank-show
the-fed-explained.pdf	91	groups	7	1	t:blank-show+t:mcid-unplaced+t:artifact-unplaced
the-fed-explained.pdf	92	groups	7	1	t:blank-show+t:mcid-unplaced
the-fed-explained.pdf	93	applied	7	0	t:blank-show+t:mcid-unplaced+t:artifact-unplaced
the-fed-explained.pdf	94	applied	5	0	t:blank-show+t:mcid-unplaced
the-fed-explained.pdf	95	applied	5	0	t:blank-show+t:artifact-unplaced
the-fed-explained.pdf	96	applied	2	0	t:blank-show+t:mcid-unplaced
the-fed-explained.pdf	97	applied	6	0	t:blank-show+t:mcid-unplaced+t:artifact-unplaced
the-fed-explained.pdf	98	groups	4	1	t:blank-show+t:mcid-unplaced
the-fed-explained.pdf	99	groups	10	1	t:blank-show+t:mcid-unplaced+t:artifact-unplaced
the-fed-explained.pdf	100	applied	3	0	t:blank-show+t:mcid-unplaced
the-fed-explained.pdf	101	applied	6	0	t:blank-show+t:mcid-unplaced+t:artifact-unplaced
the-fed-explained.pdf	102	applied	4	0	t:blank-show+t:mcid-unplaced
the-fed-explained.pdf	103	scan	7	0	form
the-fed-explained.pdf	104	groups	5	1	t:blank-show+t:mcid-unplaced
the-fed-explained.pdf	105	applied	6	0	t:blank-show+t:mcid-unplaced+t:artifact-unplaced
the-fed-explained.pdf	106	applied	8	0	t:blank-show
the-fed-explained.pdf	107	applied	10	0	t:blank-show+t:artifact-unplaced
the-fed-explained.pdf	108	applied	9	0	t:blank-show
the-fed-explained.pdf	109	applied	3	0	t:blank-show+t:mcid-unplaced+t:artifact-unplaced
the-fed-explained.pdf	110	groups	8	1	t:blank-show+t:mcid-unplaced
the-fed-explained.pdf	111	applied	1	0	t:blank-show+t:mcid-unplaced+t:artifact-unplaced
the-fed-explained.pdf	112	applied	5	0	t:blank-show+t:mcid-unplaced
the-fed-explained.pdf	113	applied	4	0	t:blank-show+t:mcid-unplaced+t:artifact-unplaced
the-fed-explained.pdf	114	applied	5	0	t:blank-show+t:mcid-unplaced
the-fed-explained.pdf	116	groups	2	1	t:blank-show+t:mcid-unplaced
the-fed-explained.pdf	117	applied	3	0	t:blank-show+t:mcid-unplaced+t:artifact-unplaced
the-fed-explained.pdf	118	applied	3	0	t:blank-show+t:mcid-unplaced
the-fed-explained.pdf	119	applied	6	0	t:blank-show+t:mcid-unplaced+t:artifact-unplaced
the-fed-explained.pdf	122	applied	7	0	t:blank-show+t:mcid-unplaced
the-fed-explained.pdf	123	groups	6	1	t:blank-show+t:mcid-unplaced+t:artifact-unplaced
the-fed-explained.pdf	124	groups	7	1	t:blank-show+t:mcid-unplaced
the-fed-explained.pdf	125	applied	5	0	t:blank-show+t:mcid-unplaced+t:artifact-unplaced
the-fed-explained.pdf	126	groups	7	1	t:blank-show+t:mcid-unplaced
the-fed-explained.pdf	127	applied	8	0	t:blank-show+t:artifact-unplaced
the-fed-explained.pdf	128	applied	7	0	t:blank-show+t:mcid-unplaced
the-fed-explained.pdf	129	applied	4	0	t:blank-show+t:mcid-unplaced+t:artifact-unplaced
the-fed-explained.pdf	130	applied	1	0	t:blank-show+t:mcid-unplaced
the-fed-explained.pdf	131	groups	4	2	t:mcid-unplaced+t:artifact-invisible
the-fed-explained.pdf	132	groups	5	1	t:blank-show+t:mcid-unplaced
the-fed-explained.pdf	133	applied	1	0	t:blank-show+t:artifact-unplaced
the-fed-explained.pdf	135	groups	3	1	t:blank-show+t:mcid-unplaced
the-fed-explained.pdf	SUMMARY	total=135	tagged=118		
DGA.pdf	2	scan	24	0	form+form-depth=1
DGA.pdf	3	scan	13	0	form+form-depth=1
DGA.pdf	4	scan	17	0	form+form-depth=1
DGA.pdf	5	scan	9	0	form+form-depth=1
DGA.pdf	6	scan	10	0	form+form-depth=1
DGA.pdf	7	scan	17	0	form+form-depth=1
DGA.pdf	8	scan	19	0	form+form-depth=1
DGA.pdf	9	scan	11	0	form+form-depth=1
DGA.pdf	10	scan	9	0	form+form-depth=1
DGA.pdf	SUMMARY	total=10	tagged=9		
CDOC-108hdoc97.pdf	3	applied	7	0	
CDOC-108hdoc97.pdf	4	groups	15	1	t:mcid-unplaced
CDOC-108hdoc97.pdf	5	applied	3	0	t:mcid-unplaced
CDOC-108hdoc97.pdf	6	applied	4	0	
CDOC-108hdoc97.pdf	7	groups	4	1	t:mcid-unplaced
CDOC-108hdoc97.pdf	8	groups	3	1	t:mcid-unplaced
CDOC-108hdoc97.pdf	9	applied	2	0	t:mcid-unplaced
CDOC-108hdoc97.pdf	10	applied	3	0	t:mcid-unplaced
CDOC-108hdoc97.pdf	11	groups	6	2	t:mcid-unplaced
CDOC-108hdoc97.pdf	12	groups	25	4	t:mcid-unplaced
CDOC-108hdoc97.pdf	13	groups	6	3	t:mcid-unplaced
CDOC-108hdoc97.pdf	14	groups	6	1	t:mcid-unplaced
CDOC-108hdoc97.pdf	15	groups	13	4	t:mcid-unplaced
CDOC-108hdoc97.pdf	16	groups	3	1	
CDOC-108hdoc97.pdf	17	applied	9	0	
CDOC-108hdoc97.pdf	18	groups	11	1	t:mcid-unplaced
CDOC-108hdoc97.pdf	19	applied	4	0	
CDOC-108hdoc97.pdf	20	applied	4	0	
CDOC-108hdoc97.pdf	21	applied	5	0	
CDOC-108hdoc97.pdf	22	groups	7	1	t:mcid-unplaced
CDOC-108hdoc97.pdf	23	applied	6	0	
CDOC-108hdoc97.pdf	24	groups	12	1	t:mcid-unplaced
CDOC-108hdoc97.pdf	25	applied	11	0	
CDOC-108hdoc97.pdf	26	applied	2	0	
CDOC-108hdoc97.pdf	27	applied	4	0	t:mcid-unplaced
CDOC-108hdoc97.pdf	28	groups	7	1	t:mcid-unplaced
CDOC-108hdoc97.pdf	29	applied	1	0	
CDOC-108hdoc97.pdf	30	applied	7	0	
CDOC-108hdoc97.pdf	31	applied	1	0	
CDOC-108hdoc97.pdf	32	applied	9	0	
CDOC-108hdoc97.pdf	33	groups	8	2	t:mcid-unplaced
CDOC-108hdoc97.pdf	34	groups	8	3	t:mcid-unplaced
CDOC-108hdoc97.pdf	35	groups	8	1	t:mcid-unplaced
CDOC-108hdoc97.pdf	36	groups	8	1	t:mcid-unplaced
CDOC-108hdoc97.pdf	37	groups	8	1	t:mcid-unplaced
CDOC-108hdoc97.pdf	38	applied	8	0	
CDOC-108hdoc97.pdf	39	applied	8	0	
CDOC-108hdoc97.pdf	40	applied	8	0	
CDOC-108hdoc97.pdf	41	groups	8	1	t:mcid-unplaced
CDOC-108hdoc97.pdf	42	applied	8	0	
CDOC-108hdoc97.pdf	43	applied	8	0	
CDOC-108hdoc97.pdf	44	groups	8	1	t:mcid-unplaced
CDOC-108hdoc97.pdf	45	applied	9	0	
CDOC-108hdoc97.pdf	46	groups	6	1	t:mcid-unplaced
CDOC-108hdoc97.pdf	47	applied	5	0	
CDOC-108hdoc97.pdf	49	groups	3	1	t:mcid-unplaced
CDOC-108hdoc97.pdf	50	groups	5	1	t:mcid-unplaced
CDOC-108hdoc97.pdf	51	groups	6	1	t:mcid-unplaced
CDOC-108hdoc97.pdf	52	applied	5	0	
CDOC-108hdoc97.pdf	53	groups	19	9	t:mcid-unplaced
CDOC-108hdoc97.pdf	54	groups	24	16	t:mcid-unplaced
CDOC-108hdoc97.pdf	SUMMARY	total=56	tagged=51		
22-451_7m58.pdf	1	groups	12	6	t:mcid-unplaced+t:artifact-invisible
22-451_7m58.pdf	2	groups	6	6	t:mcid-unplaced+t:artifact-invisible
22-451_7m58.pdf	3	groups	4	3	t:mcid-unplaced+t:artifact-invisible
22-451_7m58.pdf	4	groups	2	1	t:mcid-unplaced+t:artifact-invisible
22-451_7m58.pdf	5	groups	7	4	t:mcid-unplaced+t:artifact-invisible
22-451_7m58.pdf	6	groups	6	5	t:mcid-unplaced+t:artifact-invisible
22-451_7m58.pdf	7	groups	5	2	t:mcid-unplaced+t:artifact-invisible
22-451_7m58.pdf	8	groups	6	4	t:mcid-unplaced+t:artifact-invisible
22-451_7m58.pdf	9	groups	12	3	t:mcid-unplaced+t:artifact-invisible
22-451_7m58.pdf	10	groups	4	3	t:mcid-unplaced+t:artifact-invisible
22-451_7m58.pdf	11	groups	3	2	t:mcid-unplaced+t:artifact-invisible
22-451_7m58.pdf	12	groups	5	4	t:mcid-unplaced+t:artifact-invisible
22-451_7m58.pdf	13	groups	5	4	t:mcid-unplaced+t:artifact-invisible
22-451_7m58.pdf	14	groups	4	3	t:mcid-unplaced+t:artifact-invisible
22-451_7m58.pdf	15	groups	8	3	t:mcid-unplaced+t:artifact-invisible
22-451_7m58.pdf	16	groups	5	4	t:mcid-unplaced+t:artifact-invisible
22-451_7m58.pdf	17	groups	6	5	t:mcid-unplaced+t:artifact-invisible
22-451_7m58.pdf	18	groups	5	4	t:mcid-unplaced+t:artifact-invisible
22-451_7m58.pdf	19	groups	3	2	t:mcid-unplaced+t:artifact-invisible
22-451_7m58.pdf	20	groups	5	3	t:mcid-unplaced+t:artifact-invisible
22-451_7m58.pdf	21	groups	8	3	t:mcid-unplaced+t:artifact-invisible
22-451_7m58.pdf	22	groups	3	3	t:mcid-unplaced+t:artifact-invisible
22-451_7m58.pdf	23	groups	5	3	t:mcid-unplaced+t:artifact-invisible
22-451_7m58.pdf	24	groups	5	4	t:mcid-unplaced+t:artifact-invisible
22-451_7m58.pdf	25	groups	8	5	t:mcid-unplaced+t:artifact-invisible
22-451_7m58.pdf	26	groups	5	3	t:mcid-unplaced+t:artifact-invisible
22-451_7m58.pdf	27	groups	3	3	t:mcid-unplaced+t:artifact-invisible
22-451_7m58.pdf	28	groups	4	3	t:mcid-unplaced+t:artifact-invisible
22-451_7m58.pdf	29	groups	3	2	t:mcid-unplaced+t:artifact-invisible
22-451_7m58.pdf	30	groups	3	2	t:mcid-unplaced+t:artifact-invisible
22-451_7m58.pdf	31	groups	4	3	t:mcid-unplaced+t:artifact-invisible
22-451_7m58.pdf	32	groups	4	3	t:mcid-unplaced+t:artifact-invisible
22-451_7m58.pdf	33	groups	4	3	t:mcid-unplaced+t:artifact-invisible
22-451_7m58.pdf	34	groups	4	3	t:mcid-unplaced+t:artifact-invisible
22-451_7m58.pdf	35	groups	4	3	t:mcid-unplaced+t:artifact-invisible
22-451_7m58.pdf	36	groups	4	3	t:mcid-unplaced+t:artifact-invisible
22-451_7m58.pdf	37	groups	7	6	t:mcid-unplaced+t:artifact-invisible
22-451_7m58.pdf	38	groups	4	3	t:mcid-unplaced+t:artifact-invisible
22-451_7m58.pdf	39	groups	3	2	t:mcid-unplaced+t:artifact-invisible
22-451_7m58.pdf	40	groups	7	3	t:mcid-unplaced+t:artifact-invisible
22-451_7m58.pdf	41	groups	7	6	t:mcid-unplaced+t:artifact-invisible
22-451_7m58.pdf	42	groups	3	3	t:mcid-unplaced+t:artifact-invisible
22-451_7m58.pdf	43	groups	4	2	t:mcid-unplaced+t:artifact-invisible
22-451_7m58.pdf	44	groups	10	1	t:mcid-unplaced+t:artifact-invisible
22-451_7m58.pdf	45	groups	4	3	t:mcid-unplaced+t:artifact-invisible
22-451_7m58.pdf	46	groups	6	4	t:mcid-unplaced+t:artifact-invisible
22-451_7m58.pdf	47	groups	3	3	t:mcid-unplaced+t:artifact-invisible
22-451_7m58.pdf	48	groups	10	2	t:mcid-unplaced+t:artifact-invisible
22-451_7m58.pdf	49	groups	8	4	t:mcid-unplaced+t:artifact-invisible
22-451_7m58.pdf	50	groups	7	4	t:mcid-unplaced+t:artifact-invisible
22-451_7m58.pdf	51	groups	6	4	t:mcid-unplaced+t:artifact-invisible
22-451_7m58.pdf	52	groups	2	2	t:mcid-unplaced+t:artifact-invisible
22-451_7m58.pdf	53	groups	5	3	t:mcid-unplaced+t:artifact-invisible
22-451_7m58.pdf	54	groups	3	3	t:mcid-unplaced+t:artifact-invisible
22-451_7m58.pdf	55	groups	2	2	t:mcid-unplaced+t:artifact-invisible
22-451_7m58.pdf	56	groups	6	5	t:mcid-unplaced+t:artifact-invisible
22-451_7m58.pdf	57	groups	4	1	t:mcid-unplaced+t:artifact-invisible
22-451_7m58.pdf	58	groups	5	4	t:mcid-unplaced+t:artifact-invisible
22-451_7m58.pdf	59	groups	3	3	t:mcid-unplaced+t:artifact-invisible
22-451_7m58.pdf	60	groups	6	3	t:mcid-unplaced+t:artifact-invisible
22-451_7m58.pdf	61	groups	6	5	t:mcid-unplaced+t:artifact-invisible
22-451_7m58.pdf	62	groups	7	3	t:mcid-unplaced+t:artifact-invisible
22-451_7m58.pdf	63	groups	5	4	t:mcid-unplaced+t:artifact-invisible
22-451_7m58.pdf	64	groups	5	3	t:mcid-unplaced+t:artifact-invisible
22-451_7m58.pdf	65	groups	4	3	t:mcid-unplaced+t:artifact-invisible
22-451_7m58.pdf	66	groups	3	3	t:mcid-unplaced+t:artifact-invisible
22-451_7m58.pdf	67	groups	4	2	t:mcid-unplaced+t:artifact-invisible
22-451_7m58.pdf	68	groups	5	4	t:mcid-unplaced+t:artifact-invisible
22-451_7m58.pdf	69	groups	6	3	t:mcid-unplaced+t:artifact-invisible
22-451_7m58.pdf	70	groups	3	3	t:mcid-unplaced+t:artifact-invisible
22-451_7m58.pdf	71	groups	4	3	t:mcid-unplaced+t:artifact-invisible
22-451_7m58.pdf	72	groups	6	3	t:mcid-unplaced+t:artifact-invisible
22-451_7m58.pdf	73	groups	4	3	t:mcid-unplaced+t:artifact-invisible
22-451_7m58.pdf	74	groups	4	3	t:mcid-unplaced+t:artifact-invisible
22-451_7m58.pdf	75	groups	4	3	t:mcid-unplaced+t:artifact-invisible
22-451_7m58.pdf	76	groups	5	3	t:mcid-unplaced+t:artifact-invisible
22-451_7m58.pdf	77	groups	5	1	t:mcid-unplaced+t:artifact-invisible
22-451_7m58.pdf	78	groups	6	4	t:mcid-unplaced+t:artifact-invisible
22-451_7m58.pdf	79	groups	6	2	t:mcid-unplaced+t:artifact-invisible
22-451_7m58.pdf	80	groups	5	3	t:mcid-unplaced+t:artifact-invisible
22-451_7m58.pdf	81	groups	2	1	t:mcid-unplaced+t:artifact-invisible
22-451_7m58.pdf	82	groups	12	1	t:mcid-unplaced+t:artifact-invisible
22-451_7m58.pdf	83	groups	2	2	t:mcid-unplaced+t:artifact-invisible
22-451_7m58.pdf	84	groups	5	4	t:mcid-unplaced+t:artifact-invisible
22-451_7m58.pdf	85	groups	4	3	t:mcid-unplaced+t:artifact-invisible
22-451_7m58.pdf	86	groups	3	2	t:blank-show+t:mcid-unplaced+t:artifact-invisible
22-451_7m58.pdf	87	groups	2	1	t:blank-show+t:mcid-unplaced+t:artifact-invisible
22-451_7m58.pdf	88	groups	4	4	t:mcid-unplaced+t:artifact-invisible
22-451_7m58.pdf	89	groups	4	2	t:mcid-unplaced+t:artifact-invisible
22-451_7m58.pdf	90	groups	3	2	t:mcid-unplaced+t:artifact-invisible
22-451_7m58.pdf	91	groups	3	3	t:mcid-unplaced+t:artifact-invisible
22-451_7m58.pdf	92	groups	3	3	t:mcid-unplaced+t:artifact-invisible
22-451_7m58.pdf	93	groups	4	3	t:mcid-unplaced+t:artifact-invisible
22-451_7m58.pdf	94	groups	3	2	t:mcid-unplaced+t:artifact-invisible
22-451_7m58.pdf	95	groups	4	3	t:mcid-unplaced+t:artifact-invisible
22-451_7m58.pdf	96	groups	2	2	t:mcid-unplaced+t:artifact-invisible
22-451_7m58.pdf	97	groups	5	3	t:mcid-unplaced+t:artifact-invisible
22-451_7m58.pdf	98	groups	4	3	t:mcid-unplaced+t:artifact-invisible
22-451_7m58.pdf	99	groups	2	2	t:mcid-unplaced+t:artifact-invisible
22-451_7m58.pdf	100	groups	5	4	t:mcid-unplaced+t:artifact-invisible
22-451_7m58.pdf	101	groups	4	2	t:mcid-unplaced+t:artifact-invisible
22-451_7m58.pdf	102	groups	3	2	t:mcid-unplaced+t:artifact-invisible
22-451_7m58.pdf	103	groups	6	3	t:mcid-unplaced+t:artifact-invisible
22-451_7m58.pdf	104	groups	5	1	t:mcid-unplaced+t:artifact-invisible
22-451_7m58.pdf	105	groups	4	2	t:mcid-unplaced+t:artifact-invisible
22-451_7m58.pdf	106	groups	3	3	t:mcid-unplaced+t:artifact-invisible
22-451_7m58.pdf	107	groups	2	1	t:mcid-unplaced+t:artifact-invisible
22-451_7m58.pdf	108	groups	3	2	t:mcid-unplaced+t:artifact-invisible
22-451_7m58.pdf	109	groups	3	2	t:mcid-unplaced+t:artifact-invisible
22-451_7m58.pdf	110	groups	3	2	t:mcid-unplaced+t:artifact-invisible
22-451_7m58.pdf	111	groups	4	4	t:mcid-unplaced+t:artifact-invisible
22-451_7m58.pdf	112	groups	5	3	t:mcid-unplaced+t:artifact-invisible
22-451_7m58.pdf	113	groups	5	3	t:mcid-unplaced+t:artifact-invisible
22-451_7m58.pdf	114	groups	2	1	t:mcid-unplaced+t:artifact-invisible
22-451_7m58.pdf	SUMMARY	total=114	tagged=114		
p596zhs--2025.pdf	1	scan	6	0	form+form-depth=1
p596zhs--2025.pdf	2	groups	16	10	
p596zhs--2025.pdf	3	groups	13	10	
p596zhs--2025.pdf	4	scan	19	0	form+form-text
p596zhs--2025.pdf	5	scan	16	0	form+form-text
p596zhs--2025.pdf	6	scan	1	0	form
p596zhs--2025.pdf	7	scan	14	0	form
p596zhs--2025.pdf	8	scan	21	0	form+form-text
p596zhs--2025.pdf	9	scan	20	0	form+form-text
p596zhs--2025.pdf	10	scan	1	0	form+form-text
p596zhs--2025.pdf	11	scan	14	0	form+form-text
p596zhs--2025.pdf	12	scan	10	0	form+form-text
p596zhs--2025.pdf	13	groups	6	6	
p596zhs--2025.pdf	14	scan	18	0	form+form-text
p596zhs--2025.pdf	15	groups	24	24	
p596zhs--2025.pdf	16	scan	23	0	form+form-text
p596zhs--2025.pdf	17	scan	21	0	form+form-text
p596zhs--2025.pdf	18	scan	17	0	form+form-text
p596zhs--2025.pdf	19	groups	21	20	
p596zhs--2025.pdf	20	scan	4	0	form
p596zhs--2025.pdf	21	scan	1	0	form+form-text
p596zhs--2025.pdf	22	scan	2	0	form+form-text
p596zhs--2025.pdf	23	groups	9	5	
p596zhs--2025.pdf	35	scan	98	0	form+form-depth=1
p596zhs--2025.pdf	36	groups	3	3	
p596zhs--2025.pdf	SUMMARY	total=36	tagged=25		
M-618_a.pdf	1	groups	3	3	t:blank-show+t:mcid-unplaced
M-618_a.pdf	3	groups	2	2	t:blank-show+t:mcid-unplaced
M-618_a.pdf	4	groups	2	1	t:mcid-unplaced
M-618_a.pdf	5	groups	24	24	t:blank-show+t:mcid-unplaced
M-618_a.pdf	6	groups	17	17	t:mcid-unplaced
M-618_a.pdf	7	groups	7	6	t:blank-show+t:mcid-unplaced
M-618_a.pdf	8	groups	16	15	t:blank-show+t:mcid-unplaced
M-618_a.pdf	9	groups	3	2	t:blank-show+t:mcid-unplaced
M-618_a.pdf	10	groups	3	2	t:blank-show+t:mcid-unplaced
M-618_a.pdf	11	groups	3	3	t:blank-show+t:mcid-unplaced
M-618_a.pdf	13	groups	2	2	t:blank-show+t:mcid-unplaced
M-618_a.pdf	14	groups	5	5	t:blank-show+t:mcid-unplaced
M-618_a.pdf	15	groups	3	2	t:blank-show+t:mcid-unplaced
M-618_a.pdf	16	groups	6	5	t:blank-show+t:mcid-unplaced
M-618_a.pdf	18	applied	1	0	
M-618_a.pdf	19	groups	5	4	t:blank-show+t:mcid-unplaced
M-618_a.pdf	20	groups	4	4	t:blank-show+t:mcid-unplaced
M-618_a.pdf	21	groups	1	1	t:blank-show+t:mcid-unplaced
M-618_a.pdf	23	groups	2	2	t:blank-show+t:mcid-unplaced
M-618_a.pdf	24	groups	3	3	t:blank-show+t:mcid-unplaced
M-618_a.pdf	25	groups	4	4	t:blank-show+t:mcid-unplaced
M-618_a.pdf	26	groups	3	3	t:blank-show+t:mcid-unplaced
M-618_a.pdf	27	groups	7	6	t:blank-show+t:mcid-unplaced
M-618_a.pdf	28	groups	3	3	t:blank-show+t:mcid-unplaced
M-618_a.pdf	29	groups	2	2	t:blank-show+t:mcid-unplaced
M-618_a.pdf	30	groups	4	4	t:blank-show+t:mcid-unplaced
M-618_a.pdf	32	applied	1	0	
M-618_a.pdf	33	groups	3	2	t:blank-show+t:mcid-unplaced
M-618_a.pdf	34	groups	4	4	t:blank-show+t:mcid-unplaced
M-618_a.pdf	35	groups	5	5	t:blank-show+t:mcid-unplaced
M-618_a.pdf	36	groups	5	5	t:blank-show+t:mcid-unplaced
M-618_a.pdf	37	groups	7	7	t:blank-show+t:mcid-unplaced
M-618_a.pdf	38	groups	3	3	t:blank-show+t:mcid-unplaced
M-618_a.pdf	39	groups	6	5	t:blank-show+t:mcid-unplaced
M-618_a.pdf	40	groups	4	3	t:blank-show+t:mcid-unplaced
M-618_a.pdf	41	groups	2	2	t:blank-show+t:mcid-unplaced
M-618_a.pdf	42	groups	6	5	t:blank-show+t:mcid-unplaced
M-618_a.pdf	43	groups	3	3	t:blank-show+t:mcid-unplaced
M-618_a.pdf	44	groups	2	2	t:blank-show+t:mcid-unplaced
M-618_a.pdf	45	groups	3	3	t:blank-show+t:mcid-unplaced
M-618_a.pdf	46	groups	4	4	t:blank-show+t:mcid-unplaced
M-618_a.pdf	47	groups	6	5	t:blank-show+t:mcid-unplaced
M-618_a.pdf	48	groups	3	3	t:blank-show+t:mcid-unplaced
M-618_a.pdf	49	groups	8	3	t:blank-show
M-618_a.pdf	50	groups	2	1	t:blank-show+t:mcid-unplaced
M-618_a.pdf	51	groups	3	2	t:blank-show+t:mcid-unplaced
M-618_a.pdf	52	applied	1	0	
M-618_a.pdf	53	groups	3	2	t:blank-show+t:mcid-unplaced
M-618_a.pdf	54	groups	9	8	t:blank-show+t:mcid-unplaced
M-618_a.pdf	55	groups	7	7	t:blank-show+t:mcid-unplaced
M-618_a.pdf	56	groups	9	1	t:blank-show
M-618_a.pdf	57	groups	6	6	t:blank-show+t:mcid-unplaced
M-618_a.pdf	58	groups	5	5	t:blank-show+t:mcid-unplaced
M-618_a.pdf	59	groups	3	3	t:blank-show+t:mcid-unplaced
M-618_a.pdf	60	groups	4	4	t:blank-show+t:mcid-unplaced
M-618_a.pdf	62	applied	1	0	
M-618_a.pdf	63	groups	3	2	t:blank-show+t:mcid-unplaced
M-618_a.pdf	64	groups	6	6	t:blank-show+t:mcid-unplaced
M-618_a.pdf	65	groups	3	3	t:blank-show+t:mcid-unplaced
M-618_a.pdf	66	groups	9	9	t:blank-show+t:mcid-unplaced
M-618_a.pdf	67	groups	5	5	t:blank-show+t:mcid-unplaced
M-618_a.pdf	68	groups	6	6	t:blank-show+t:mcid-unplaced
M-618_a.pdf	69	groups	6	6	t:blank-show+t:mcid-unplaced
M-618_a.pdf	70	groups	6	6	t:blank-show+t:mcid-unplaced
M-618_a.pdf	71	groups	3	3	t:blank-show+t:mcid-unplaced
M-618_a.pdf	72	groups	2	2	t:blank-show+t:mcid-unplaced
M-618_a.pdf	73	groups	4	4	t:blank-show+t:mcid-unplaced
M-618_a.pdf	74	groups	7	7	t:blank-show+t:mcid-unplaced
M-618_a.pdf	75	groups	5	5	t:blank-show+t:mcid-unplaced
M-618_a.pdf	76	groups	2	2	t:blank-show+t:mcid-unplaced
M-618_a.pdf	77	scan	2	0	form+form-text
M-618_a.pdf	78	groups	4	4	t:blank-show+t:mcid-unplaced
M-618_a.pdf	79	groups	5	5	t:blank-show+t:mcid-unplaced
M-618_a.pdf	80	applied	1	0	
M-618_a.pdf	81	groups	3	2	t:blank-show+t:mcid-unplaced
M-618_a.pdf	82	groups	2	1	t:blank-show+t:mcid-unplaced
M-618_a.pdf	83	groups	5	5	t:blank-show+t:mcid-unplaced
M-618_a.pdf	84	groups	6	5	t:blank-show+t:mcid-unplaced
M-618_a.pdf	85	groups	5	5	t:blank-show+t:mcid-unplaced
M-618_a.pdf	86	groups	2	2	t:blank-show+t:mcid-unplaced
M-618_a.pdf	87	groups	2	2	t:blank-show+t:mcid-unplaced
M-618_a.pdf	88	applied	1	0	
M-618_a.pdf	89	groups	3	2	t:blank-show+t:mcid-unplaced
M-618_a.pdf	90	groups	4	4	t:blank-show+t:mcid-unplaced
M-618_a.pdf	91	groups	6	6	t:blank-show+t:mcid-unplaced
M-618_a.pdf	92	groups	2	1	t:blank-show+t:mcid-unplaced
M-618_a.pdf	93	groups	2	2	t:blank-show+t:mcid-unplaced
M-618_a.pdf	94	groups	2	2	t:blank-show+t:mcid-unplaced
M-618_a.pdf	95	groups	3	3	t:blank-show+t:mcid-unplaced
M-618_a.pdf	96	groups	2	2	t:blank-show+t:mcid-unplaced
M-618_a.pdf	97	groups	6	6	t:blank-show+t:mcid-unplaced
M-618_a.pdf	98	groups	3	3	t:blank-show+t:mcid-unplaced
M-618_a.pdf	99	groups	5	5	t:blank-show+t:mcid-unplaced
M-618_a.pdf	100	groups	4	4	t:blank-show+t:mcid-unplaced
M-618_a.pdf	101	groups	3	3	t:blank-show+t:mcid-unplaced
M-618_a.pdf	102	applied	1	0	
M-618_a.pdf	103	groups	3	2	t:blank-show+t:mcid-unplaced
M-618_a.pdf	104	groups	3	3	t:blank-show+t:mcid-unplaced
M-618_a.pdf	106	groups	4	4	t:blank-show+t:mcid-unplaced
M-618_a.pdf	107	groups	1	1	t:blank-show+t:mcid-unplaced
M-618_a.pdf	108	groups	6	1	t:blank-show+t:mcid-unplaced
M-618_a.pdf	109	groups	6	6	t:blank-show+t:mcid-unplaced
M-618_a.pdf	110	groups	4	4	t:blank-show+t:mcid-unplaced
M-618_a.pdf	111	groups	8	8	t:blank-show+t:mcid-unplaced
M-618_a.pdf	112	groups	7	7	t:blank-show+t:mcid-unplaced
M-618_a.pdf	113	groups	5	5	t:blank-show+t:mcid-unplaced
M-618_a.pdf	116	applied	1	0	
M-618_a.pdf	SUMMARY	total=116	tagged=107		
faa-h-8083-25c.pdf	2	scan	5	0	form
faa-h-8083-25c.pdf	3	scan	12	0	form
faa-h-8083-25c.pdf	5	scan	27	0	form
faa-h-8083-25c.pdf	6	scan	73	0	form
faa-h-8083-25c.pdf	7	applied	94	0	t:blank-show
faa-h-8083-25c.pdf	8	applied	98	0	t:blank-show
faa-h-8083-25c.pdf	9	groups	98	1	t:blank-show+t:mcid-unplaced
faa-h-8083-25c.pdf	10	applied	93	0	t:blank-show
faa-h-8083-25c.pdf	11	applied	97	0	t:blank-show
faa-h-8083-25c.pdf	12	applied	91	0	t:blank-show
faa-h-8083-25c.pdf	13	groups	90	17	t:blank-show+t:mcid-unplaced
faa-h-8083-25c.pdf	14	applied	92	0	t:blank-show
faa-h-8083-25c.pdf	15	applied	55	0	t:blank-show
faa-h-8083-25c.pdf	16	scan	6	0	form+form-depth=1
faa-h-8083-25c.pdf	17	groups	9	1	t:blank-show+t:mcid-unplaced
faa-h-8083-25c.pdf	18	groups	13	6	t:blank-show+t:mcid-unplaced
faa-h-8083-25c.pdf	19	scan	15	0	form
faa-h-8083-25c.pdf	20	scan	7	0	form
faa-h-8083-25c.pdf	21	groups	14	2	t:blank-show+t:mcid-unplaced
faa-h-8083-25c.pdf	22	groups	11	3	t:blank-show+t:mcid-unplaced
faa-h-8083-25c.pdf	23	scan	11	0	form+form-depth=1
faa-h-8083-25c.pdf	24	groups	18	1	t:blank-show+t:mcid-unplaced
faa-h-8083-25c.pdf	25	scan	10	0	form
faa-h-8083-25c.pdf	26	scan	11	0	form+form-depth=1
faa-h-8083-25c.pdf	27	scan	18	0	form+form-depth=1
faa-h-8083-25c.pdf	28	scan	25	0	form
faa-h-8083-25c.pdf	29	groups	31	6	t:blank-show+t:mcid-unplaced
faa-h-8083-25c.pdf	30	groups	26	4	t:blank-show+t:mcid-unplaced
faa-h-8083-25c.pdf	31	groups	28	5	t:blank-show+t:mcid-unplaced
faa-h-8083-25c.pdf	32	scan	33	0	form
faa-h-8083-25c.pdf	33	groups	11	1	t:blank-show+t:mcid-unplaced
faa-h-8083-25c.pdf	34	applied	14	0	
faa-h-8083-25c.pdf	35	groups	20	3	t:blank-show+t:mcid-unplaced
faa-h-8083-25c.pdf	36	groups	20	1	t:blank-show+t:mcid-unplaced
faa-h-8083-25c.pdf	37	scan	10	0	form
faa-h-8083-25c.pdf	38	groups	24	1	t:blank-show+t:mcid-unplaced
faa-h-8083-25c.pdf	39	groups	18	3	t:blank-show+t:mcid-unplaced
faa-h-8083-25c.pdf	40	scan	5	0	form+form-depth=1
faa-h-8083-25c.pdf	41	scan	8	0	form+form-depth=1
faa-h-8083-25c.pdf	42	scan	14	0	form+form-depth=1
faa-h-8083-25c.pdf	43	groups	13	2	t:blank-show+t:mcid-unplaced
faa-h-8083-25c.pdf	44	scan	8	0	form
faa-h-8083-25c.pdf	45	scan	22	0	form
faa-h-8083-25c.pdf	46	scan	1	0	form+form-depth=1
faa-h-8083-25c.pdf	47	groups	31	2	t:blank-show+t:mcid-unplaced
faa-h-8083-25c.pdf	48	groups	37	3	t:blank-show+t:mcid-unplaced
faa-h-8083-25c.pdf	49	scan	14	0	form
faa-h-8083-25c.pdf	50	applied	7	0	
faa-h-8083-25c.pdf	51	groups	17	1	t:blank-show+t:mcid-unplaced
faa-h-8083-25c.pdf	52	scan	13	0	form
faa-h-8083-25c.pdf	53	applied	13	0	
faa-h-8083-25c.pdf	54	scan	16	0	form
faa-h-8083-25c.pdf	55	scan	17	0	form
faa-h-8083-25c.pdf	56	scan	7	0	form
faa-h-8083-25c.pdf	57	scan	7	0	form
faa-h-8083-25c.pdf	58	scan	3	0	form
faa-h-8083-25c.pdf	59	applied	17	0	
faa-h-8083-25c.pdf	60	groups	16	1	t:mcid-unplaced
faa-h-8083-25c.pdf	61	scan	2	0	form
faa-h-8083-25c.pdf	62	groups	16	3	t:blank-show+t:mcid-unplaced
faa-h-8083-25c.pdf	63	groups	12	1	t:blank-show+t:mcid-unplaced
faa-h-8083-25c.pdf	64	scan	26	0	form+form-depth=1
faa-h-8083-25c.pdf	65	applied	8	0	t:blank-show
faa-h-8083-25c.pdf	66	groups	14	1	t:mcid-unplaced
faa-h-8083-25c.pdf	67	scan	1	0	form+form-depth=2
faa-h-8083-25c.pdf	68	applied	15	0	t:blank-show
faa-h-8083-25c.pdf	69	groups	18	2	t:blank-show+t:mcid-unplaced
faa-h-8083-25c.pdf	70	groups	19	1	t:blank-show+t:mcid-unplaced
faa-h-8083-25c.pdf	71	applied	5	0	
faa-h-8083-25c.pdf	72	scan	5	0	form+form-depth=1
faa-h-8083-25c.pdf	73	groups	24	2	t:blank-show+t:mcid-unplaced
faa-h-8083-25c.pdf	74	scan	12	0	form+form-depth=1
faa-h-8083-25c.pdf	75	scan	7	0	form+form-depth=1
faa-h-8083-25c.pdf	76	scan	5	0	form
faa-h-8083-25c.pdf	77	scan	8	0	form+form-depth=1
faa-h-8083-25c.pdf	78	scan	10	0	form+form-depth=1
faa-h-8083-25c.pdf	79	scan	17	0	form
faa-h-8083-25c.pdf	80	scan	12	0	form
faa-h-8083-25c.pdf	81	applied	13	1	t:blank-show
faa-h-8083-25c.pdf	82	scan	10	0	form
faa-h-8083-25c.pdf	83	applied	11	0	t:blank-show
faa-h-8083-25c.pdf	84	groups	10	5	t:blank-show+t:mcid-unplaced
faa-h-8083-25c.pdf	85	scan	1	0	form+form-depth=2
faa-h-8083-25c.pdf	86	scan	1	0	form+form-depth=2
faa-h-8083-25c.pdf	87	scan	2	0	form+form-text+form-depth=2
faa-h-8083-25c.pdf	88	scan	8	0	form+form-depth=1
faa-h-8083-25c.pdf	89	scan	14	0	form+form-depth=1
faa-h-8083-25c.pdf	90	scan	10	0	form
faa-h-8083-25c.pdf	91	groups	20	2	t:blank-show+t:mcid-unplaced
faa-h-8083-25c.pdf	92	applied	13	0	
faa-h-8083-25c.pdf	93	scan	14	0	form
faa-h-8083-25c.pdf	94	scan	12	0	form
faa-h-8083-25c.pdf	95	scan	9	0	form+form-depth=1
faa-h-8083-25c.pdf	96	scan	8	0	form+form-depth=1
faa-h-8083-25c.pdf	98	scan	9	0	form+form-depth=1
faa-h-8083-25c.pdf	99	scan	15	0	form
faa-h-8083-25c.pdf	100	scan	12	0	form
faa-h-8083-25c.pdf	101	scan	8	0	form
faa-h-8083-25c.pdf	102	scan	16	0	form
faa-h-8083-25c.pdf	103	scan	14	0	form
faa-h-8083-25c.pdf	104	applied	10	0	
faa-h-8083-25c.pdf	105	groups	13	1	t:blank-show+t:mcid-unplaced
faa-h-8083-25c.pdf	106	scan	13	0	form+form-depth=2
faa-h-8083-25c.pdf	107	scan	2	0	form
faa-h-8083-25c.pdf	108	scan	10	0	form
faa-h-8083-25c.pdf	109	scan	12	0	form+form-depth=1
faa-h-8083-25c.pdf	110	groups	10	3	t:mcid-unplaced
faa-h-8083-25c.pdf	111	scan	15	0	form
faa-h-8083-25c.pdf	112	scan	18	0	form
faa-h-8083-25c.pdf	113	scan	8	0	form+form-depth=1
faa-h-8083-25c.pdf	114	scan	10	0	form+form-depth=1
faa-h-8083-25c.pdf	115	scan	11	0	form
faa-h-8083-25c.pdf	116	scan	12	0	form+form-depth=1
faa-h-8083-25c.pdf	117	groups	15	1	t:mcid-unplaced
faa-h-8083-25c.pdf	118	scan	3	0	form+form-depth=1
faa-h-8083-25c.pdf	119	scan	10	0	form
faa-h-8083-25c.pdf	120	groups	12	1	t:mcid-unplaced
faa-h-8083-25c.pdf	121	scan	9	0	form
faa-h-8083-25c.pdf	122	groups	13	2	t:blank-show+t:mcid-unplaced
faa-h-8083-25c.pdf	123	scan	11	0	form+form-depth=1
faa-h-8083-25c.pdf	124	applied	16	0	t:blank-show
faa-h-8083-25c.pdf	125	scan	12	0	form
faa-h-8083-25c.pdf	126	scan	11	0	form
faa-h-8083-25c.pdf	127	scan	13	0	form+form-depth=1
faa-h-8083-25c.pdf	128	scan	24	0	form
faa-h-8083-25c.pdf	129	scan	10	0	form+form-depth=1
faa-h-8083-25c.pdf	130	scan	15	0	form+form-depth=1
faa-h-8083-25c.pdf	131	scan	14	0	form
faa-h-8083-25c.pdf	132	scan	8	0	form
faa-h-8083-25c.pdf	133	groups	23	2	t:blank-show+t:mcid-unplaced
faa-h-8083-25c.pdf	134	groups	13	1	t:mcid-unplaced
faa-h-8083-25c.pdf	135	scan	8	0	form
faa-h-8083-25c.pdf	136	scan	14	0	form
faa-h-8083-25c.pdf	137	scan	14	0	form
faa-h-8083-25c.pdf	138	scan	1	0	form+form-depth=2
faa-h-8083-25c.pdf	139	applied	12	0	
faa-h-8083-25c.pdf	140	scan	14	0	form+form-depth=1
faa-h-8083-25c.pdf	141	groups	17	3	t:blank-show+t:mcid-unplaced
faa-h-8083-25c.pdf	142	scan	14	0	form
faa-h-8083-25c.pdf	143	applied	17	2	t:blank-show
faa-h-8083-25c.pdf	144	scan	11	0	form
faa-h-8083-25c.pdf	145	groups	8	3	t:mcid-unplaced
faa-h-8083-25c.pdf	146	scan	16	0	form
faa-h-8083-25c.pdf	147	scan	4	0	form+form-depth=1
faa-h-8083-25c.pdf	148	groups	9	1	t:blank-show+t:mcid-unplaced
faa-h-8083-25c.pdf	149	scan	5	0	form+form-depth=1
faa-h-8083-25c.pdf	150	scan	14	0	form+form-depth=1
faa-h-8083-25c.pdf	151	scan	12	0	form+form-depth=1
faa-h-8083-25c.pdf	152	scan	14	0	form
faa-h-8083-25c.pdf	153	scan	10	0	form+form-depth=1
faa-h-8083-25c.pdf	154	scan	11	0	form+form-depth=1
faa-h-8083-25c.pdf	155	scan	11	0	form
faa-h-8083-25c.pdf	156	scan	16	0	form+form-depth=2
faa-h-8083-25c.pdf	157	scan	7	0	form
faa-h-8083-25c.pdf	158	applied	13	0	t:blank-show
faa-h-8083-25c.pdf	159	scan	12	0	form
faa-h-8083-25c.pdf	160	scan	14	0	form
faa-h-8083-25c.pdf	161	scan	7	0	form+form-depth=1
faa-h-8083-25c.pdf	162	scan	16	0	form+form-depth=1
faa-h-8083-25c.pdf	163	scan	10	0	form+form-depth=1
faa-h-8083-25c.pdf	164	scan	9	0	form+form-depth=1
faa-h-8083-25c.pdf	165	scan	12	0	form
faa-h-8083-25c.pdf	166	scan	11	0	form
faa-h-8083-25c.pdf	167	groups	15	1	t:blank-show+t:mcid-unplaced
faa-h-8083-25c.pdf	168	scan	9	0	form
faa-h-8083-25c.pdf	169	scan	9	0	form
faa-h-8083-25c.pdf	170	scan	9	0	form
faa-h-8083-25c.pdf	171	scan	12	0	form+form-depth=1
faa-h-8083-25c.pdf	172	applied	25	2	t:blank-show
faa-h-8083-25c.pdf	173	scan	10	0	form
faa-h-8083-25c.pdf	174	scan	8	0	form
faa-h-8083-25c.pdf	175	scan	14	0	form+form-depth=1
faa-h-8083-25c.pdf	176	scan	15	0	form+form-depth=1
faa-h-8083-25c.pdf	177	scan	14	0	form
faa-h-8083-25c.pdf	178	applied	15	0	t:blank-show
faa-h-8083-25c.pdf	179	scan	16	0	form+form-depth=1
faa-h-8083-25c.pdf	180	groups	15	3	t:mcid-unplaced
faa-h-8083-25c.pdf	181	scan	11	0	form+form-depth=1
faa-h-8083-25c.pdf	182	scan	13	0	form+form-depth=1
faa-h-8083-25c.pdf	183	scan	21	0	form
faa-h-8083-25c.pdf	184	scan	16	0	form
faa-h-8083-25c.pdf	185	scan	20	0	form
faa-h-8083-25c.pdf	186	scan	10	0	form+form-depth=1
faa-h-8083-25c.pdf	187	scan	19	0	form
faa-h-8083-25c.pdf	188	applied	13	0	
faa-h-8083-25c.pdf	189	groups	20	2	t:blank-show+t:mcid-unplaced
faa-h-8083-25c.pdf	190	applied	30	0	t:blank-show
faa-h-8083-25c.pdf	191	applied	17	0	t:blank-show
faa-h-8083-25c.pdf	192	scan	2	0	form
faa-h-8083-25c.pdf	193	scan	17	0	form+form-text
faa-h-8083-25c.pdf	194	groups	13	2	t:blank-show+t:mcid-unplaced
faa-h-8083-25c.pdf	195	scan	13	0	form
faa-h-8083-25c.pdf	196	scan	11	0	form
faa-h-8083-25c.pdf	197	groups	9	1	t:mcid-unplaced
faa-h-8083-25c.pdf	198	applied	15	0	t:blank-show
faa-h-8083-25c.pdf	199	groups	8	1	t:mcid-unplaced
faa-h-8083-25c.pdf	200	scan	12	0	form
faa-h-8083-25c.pdf	201	scan	13	0	form
faa-h-8083-25c.pdf	202	applied	1	0	
faa-h-8083-25c.pdf	203	scan	2	0	form+form-depth=1
faa-h-8083-25c.pdf	204	scan	9	0	form+form-depth=2
faa-h-8083-25c.pdf	205	scan	14	0	form+form-depth=1
faa-h-8083-25c.pdf	206	scan	7	0	form+form-depth=1
faa-h-8083-25c.pdf	207	scan	15	0	form
faa-h-8083-25c.pdf	208	groups	25	2	t:blank-show+t:mcid-unplaced
faa-h-8083-25c.pdf	209	scan	13	0	form
faa-h-8083-25c.pdf	210	scan	13	0	form
faa-h-8083-25c.pdf	211	scan	18	0	form
faa-h-8083-25c.pdf	212	scan	20	0	form
faa-h-8083-25c.pdf	213	scan	12	0	form+form-depth=1
faa-h-8083-25c.pdf	214	scan	6	0	form+form-text+form-depth=2
faa-h-8083-25c.pdf	215	groups	19	5	t:mcid-unplaced
faa-h-8083-25c.pdf	216	scan	10	0	form+form-depth=1
faa-h-8083-25c.pdf	217	scan	15	0	form+form-text+form-depth=1
faa-h-8083-25c.pdf	218	scan	15	0	form
faa-h-8083-25c.pdf	219	scan	5	0	form+form-depth=2
faa-h-8083-25c.pdf	220	scan	13	0	form+form-text+form-depth=1
faa-h-8083-25c.pdf	221	scan	7	0	form+form-depth=1
faa-h-8083-25c.pdf	222	scan	12	0	form
faa-h-8083-25c.pdf	223	scan	9	0	form+form-depth=1
faa-h-8083-25c.pdf	224	groups	18	1	t:blank-show+t:mcid-unplaced
faa-h-8083-25c.pdf	225	scan	13	0	form+form-depth=1
faa-h-8083-25c.pdf	226	scan	11	0	form+form-depth=2
faa-h-8083-25c.pdf	227	scan	18	0	form
faa-h-8083-25c.pdf	228	scan	8	0	form+form-depth=1
faa-h-8083-25c.pdf	229	scan	11	0	form
faa-h-8083-25c.pdf	230	scan	5	0	form
faa-h-8083-25c.pdf	231	scan	7	0	form+form-depth=1
faa-h-8083-25c.pdf	232	applied	16	0	
faa-h-8083-25c.pdf	233	scan	10	0	form
faa-h-8083-25c.pdf	234	groups	17	1	t:blank-show+t:mcid-unplaced
faa-h-8083-25c.pdf	235	scan	7	0	form
faa-h-8083-25c.pdf	236	scan	18	0	form
faa-h-8083-25c.pdf	237	groups	13	2	t:blank-show+t:mcid-unplaced
faa-h-8083-25c.pdf	238	applied	15	0	t:blank-show
faa-h-8083-25c.pdf	239	groups	25	3	t:blank-show+t:mcid-unplaced
faa-h-8083-25c.pdf	240	groups	18	2	t:blank-show+t:mcid-unplaced
faa-h-8083-25c.pdf	241	groups	11	3	t:blank-show+t:mcid-unplaced
faa-h-8083-25c.pdf	242	applied	15	0	t:blank-show
faa-h-8083-25c.pdf	243	groups	12	1	t:blank-show+t:mcid-unplaced
faa-h-8083-25c.pdf	245	scan	8	0	form+form-depth=1
faa-h-8083-25c.pdf	246	scan	25	0	form+form-depth=1
faa-h-8083-25c.pdf	247	groups	15	1	t:mcid-unplaced
faa-h-8083-25c.pdf	248	groups	17	2	t:blank-show+t:mcid-unplaced
faa-h-8083-25c.pdf	249	groups	29	2	t:blank-show+t:mcid-unplaced
faa-h-8083-25c.pdf	250	scan	10	0	form+form-depth=1
faa-h-8083-25c.pdf	251	scan	29	0	form
faa-h-8083-25c.pdf	252	scan	2	0	form
faa-h-8083-25c.pdf	253	scan	4	0	form+form-depth=1
faa-h-8083-25c.pdf	254	scan	23	0	form
faa-h-8083-25c.pdf	255	scan	7	0	form
faa-h-8083-25c.pdf	257	scan	7	0	form+form-depth=1
faa-h-8083-25c.pdf	258	scan	17	0	form
faa-h-8083-25c.pdf	259	scan	13	0	form
faa-h-8083-25c.pdf	260	scan	9	0	form
faa-h-8083-25c.pdf	261	groups	15	1	t:mcid-unplaced
faa-h-8083-25c.pdf	262	scan	19	0	form
faa-h-8083-25c.pdf	263	scan	11	0	form
faa-h-8083-25c.pdf	264	scan	9	0	form
faa-h-8083-25c.pdf	265	scan	15	0	form
faa-h-8083-25c.pdf	266	scan	16	0	form
faa-h-8083-25c.pdf	267	scan	11	0	form
faa-h-8083-25c.pdf	268	scan	15	0	form
faa-h-8083-25c.pdf	269	applied	6	0	
faa-h-8083-25c.pdf	270	scan	9	0	form
faa-h-8083-25c.pdf	271	scan	19	0	form
faa-h-8083-25c.pdf	272	groups	18	3	t:blank-show+t:mcid-unplaced
faa-h-8083-25c.pdf	273	groups	19	2	t:blank-show+t:mcid-unplaced
faa-h-8083-25c.pdf	274	groups	21	3	t:blank-show+t:mcid-unplaced
faa-h-8083-25c.pdf	275	scan	9	0	form
faa-h-8083-25c.pdf	276	scan	20	0	form
faa-h-8083-25c.pdf	277	scan	16	0	form
faa-h-8083-25c.pdf	278	scan	2	0	form
faa-h-8083-25c.pdf	279	scan	10	0	form
faa-h-8083-25c.pdf	280	scan	20	0	form
faa-h-8083-25c.pdf	281	scan	14	0	form
faa-h-8083-25c.pdf	282	scan	16	0	form
faa-h-8083-25c.pdf	283	scan	11	0	form
faa-h-8083-25c.pdf	284	scan	10	0	form
faa-h-8083-25c.pdf	285	scan	7	0	form+form-depth=1
faa-h-8083-25c.pdf	286	scan	10	0	form
faa-h-8083-25c.pdf	287	scan	17	0	form
faa-h-8083-25c.pdf	288	scan	9	0	form+form-text
faa-h-8083-25c.pdf	289	scan	9	0	form
faa-h-8083-25c.pdf	290	scan	7	0	form+form-depth=1
faa-h-8083-25c.pdf	291	scan	14	0	form
faa-h-8083-25c.pdf	292	scan	7	0	form+form-depth=1
faa-h-8083-25c.pdf	293	scan	2	0	form+form-depth=1
faa-h-8083-25c.pdf	294	scan	5	0	form+form-text+form-depth=3
faa-h-8083-25c.pdf	295	scan	8	0	form+form-depth=1
faa-h-8083-25c.pdf	296	scan	11	0	form
faa-h-8083-25c.pdf	297	groups	14	2	t:blank-show+t:mcid-unplaced
faa-h-8083-25c.pdf	298	scan	19	0	form
faa-h-8083-25c.pdf	299	groups	14	1	t:mcid-unplaced
faa-h-8083-25c.pdf	300	scan	6	0	form+form-depth=1
faa-h-8083-25c.pdf	301	applied	25	1	t:blank-show
faa-h-8083-25c.pdf	302	scan	15	0	form
faa-h-8083-25c.pdf	303	scan	8	0	form+form-depth=1
faa-h-8083-25c.pdf	304	applied	15	0	
faa-h-8083-25c.pdf	305	scan	9	0	form+form-depth=1
faa-h-8083-25c.pdf	306	scan	6	0	form+form-depth=1
faa-h-8083-25c.pdf	307	scan	12	0	form+form-depth=1
faa-h-8083-25c.pdf	308	scan	11	0	form+form-depth=1
faa-h-8083-25c.pdf	309	applied	13	0	t:blank-show
faa-h-8083-25c.pdf	311	scan	6	0	form+form-depth=1
faa-h-8083-25c.pdf	312	groups	14	1	t:mcid-unplaced
faa-h-8083-25c.pdf	313	scan	9	0	form
faa-h-8083-25c.pdf	314	scan	17	0	form
faa-h-8083-25c.pdf	315	groups	23	1	t:blank-show+t:mcid-unplaced
faa-h-8083-25c.pdf	316	groups	16	1	t:blank-show+t:mcid-unplaced
faa-h-8083-25c.pdf	317	scan	12	0	form
faa-h-8083-25c.pdf	318	scan	23	0	form
faa-h-8083-25c.pdf	319	applied	24	0	t:blank-show
faa-h-8083-25c.pdf	320	groups	38	2	t:blank-show+t:mcid-unplaced
faa-h-8083-25c.pdf	321	scan	14	0	form+form-depth=1
faa-h-8083-25c.pdf	322	applied	33	0	
faa-h-8083-25c.pdf	323	scan	22	0	form
faa-h-8083-25c.pdf	324	scan	2	0	form
faa-h-8083-25c.pdf	325	applied	8	0	
faa-h-8083-25c.pdf	326	groups	14	2	t:blank-show+t:mcid-unplaced
faa-h-8083-25c.pdf	327	applied	1	0	
faa-h-8083-25c.pdf	328	groups	35	5	t:blank-show+t:mcid-unplaced
faa-h-8083-25c.pdf	329	groups	8	1	t:mcid-unplaced
faa-h-8083-25c.pdf	330	applied	2	0	
faa-h-8083-25c.pdf	331	groups	29	5	t:blank-show+t:mcid-unplaced
faa-h-8083-25c.pdf	332	applied	2	0	
faa-h-8083-25c.pdf	333	groups	18	3	t:blank-show+t:mcid-unplaced
faa-h-8083-25c.pdf	334	groups	12	3	t:blank-show+t:mcid-unplaced
faa-h-8083-25c.pdf	335	scan	7	0	form+form-depth=1
faa-h-8083-25c.pdf	336	applied	17	0	t:blank-show
faa-h-8083-25c.pdf	337	scan	14	0	form
faa-h-8083-25c.pdf	338	scan	7	0	form+form-depth=1
faa-h-8083-25c.pdf	339	groups	16	2	t:blank-show+t:mcid-unplaced
faa-h-8083-25c.pdf	340	scan	8	0	form
faa-h-8083-25c.pdf	341	scan	7	0	form
faa-h-8083-25c.pdf	342	groups	16	3	t:mcid-unplaced
faa-h-8083-25c.pdf	343	scan	1	0	form+form-text+form-depth=1
faa-h-8083-25c.pdf	344	scan	13	0	form+form-depth=1
faa-h-8083-25c.pdf	345	scan	12	0	form
faa-h-8083-25c.pdf	346	groups	11	5	t:mcid-unplaced
faa-h-8083-25c.pdf	347	scan	2	0	form+form-depth=1
faa-h-8083-25c.pdf	348	scan	8	0	form+form-depth=1
faa-h-8083-25c.pdf	349	scan	12	0	form+form-depth=3
faa-h-8083-25c.pdf	350	scan	23	0	form
faa-h-8083-25c.pdf	351	scan	11	0	form+form-depth=1
faa-h-8083-25c.pdf	352	scan	11	0	form+form-depth=1
faa-h-8083-25c.pdf	353	scan	21	0	form
faa-h-8083-25c.pdf	354	groups	12	3	t:blank-show+t:mcid-unplaced
faa-h-8083-25c.pdf	355	scan	16	0	form+form-depth=1
faa-h-8083-25c.pdf	356	scan	13	0	form+form-depth=2
faa-h-8083-25c.pdf	357	scan	8	0	form+form-depth=2
faa-h-8083-25c.pdf	358	scan	12	0	form+form-text
faa-h-8083-25c.pdf	359	scan	6	0	form
faa-h-8083-25c.pdf	360	scan	13	0	form
faa-h-8083-25c.pdf	361	scan	10	0	form
faa-h-8083-25c.pdf	362	groups	23	6	t:blank-show+t:mcid-unplaced
faa-h-8083-25c.pdf	363	scan	1	0	form+form-depth=1
faa-h-8083-25c.pdf	364	groups	8	4	t:blank-show+t:mcid-unplaced
faa-h-8083-25c.pdf	365	scan	25	0	
faa-h-8083-25c.pdf	366	groups	29	3	t:blank-show+t:mcid-unplaced+t:artifact-unplaced
faa-h-8083-25c.pdf	367	scan	12	0	form+form-depth=2
faa-h-8083-25c.pdf	368	scan	11	0	form+form-depth=1
faa-h-8083-25c.pdf	369	groups	28	1	t:blank-show+t:mcid-unplaced+t:artifact-unplaced
faa-h-8083-25c.pdf	370	groups	23	1	t:artifact-unplaced
faa-h-8083-25c.pdf	371	scan	5	0	form
faa-h-8083-25c.pdf	372	applied	23	0	t:blank-show+t:artifact-unplaced
faa-h-8083-25c.pdf	373	scan	1	0	form+form-text+form-depth=1
faa-h-8083-25c.pdf	374	scan	1	0	form+form-text+form-depth=1
faa-h-8083-25c.pdf	376	scan	5	0	form+form-depth=1
faa-h-8083-25c.pdf	377	scan	19	0	form
faa-h-8083-25c.pdf	378	groups	22	2	t:blank-show+t:mcid-unplaced
faa-h-8083-25c.pdf	379	groups	22	1	t:blank-show+t:mcid-unplaced
faa-h-8083-25c.pdf	380	applied	2	0	
faa-h-8083-25c.pdf	381	groups	24	5	t:blank-show+t:mcid-unplaced
faa-h-8083-25c.pdf	382	groups	23	3	t:blank-show+t:mcid-unplaced
faa-h-8083-25c.pdf	383	scan	5	0	form
faa-h-8083-25c.pdf	384	scan	13	0	form
faa-h-8083-25c.pdf	385	groups	16	2	t:blank-show+t:mcid-unplaced
faa-h-8083-25c.pdf	386	applied	14	0	t:blank-show
faa-h-8083-25c.pdf	388	scan	6	0	form+form-depth=1
faa-h-8083-25c.pdf	389	groups	15	1	t:blank-show+t:mcid-unplaced
faa-h-8083-25c.pdf	390	groups	8	3	t:blank-show+t:mcid-unplaced
faa-h-8083-25c.pdf	391	scan	5	0	form
faa-h-8083-25c.pdf	392	scan	13	0	form+form-depth=1
faa-h-8083-25c.pdf	393	scan	9	0	form
faa-h-8083-25c.pdf	394	scan	10	0	form+form-depth=2
faa-h-8083-25c.pdf	395	scan	12	0	form+form-depth=1
faa-h-8083-25c.pdf	396	scan	10	0	form
faa-h-8083-25c.pdf	397	scan	11	0	form
faa-h-8083-25c.pdf	398	scan	19	0	form
faa-h-8083-25c.pdf	399	applied	14	0	t:blank-show
faa-h-8083-25c.pdf	400	scan	6	0	form
faa-h-8083-25c.pdf	401	scan	9	0	form
faa-h-8083-25c.pdf	402	scan	12	0	form
faa-h-8083-25c.pdf	403	scan	10	0	form
faa-h-8083-25c.pdf	404	scan	19	0	form
faa-h-8083-25c.pdf	405	groups	18	6	t:mcid-unplaced
faa-h-8083-25c.pdf	406	scan	1	0	form+form-depth=2
faa-h-8083-25c.pdf	407	scan	9	0	form
faa-h-8083-25c.pdf	408	scan	11	0	form+form-depth=1
faa-h-8083-25c.pdf	409	scan	16	0	form
faa-h-8083-25c.pdf	410	groups	30	9	t:blank-show+t:mcid-unplaced
faa-h-8083-25c.pdf	411	scan	11	0	form+form-depth=1
faa-h-8083-25c.pdf	412	scan	8	0	form+form-depth=1
faa-h-8083-25c.pdf	413	scan	17	0	form
faa-h-8083-25c.pdf	414	scan	23	0	form
faa-h-8083-25c.pdf	415	scan	14	0	form
faa-h-8083-25c.pdf	416	applied	24	1	t:blank-show
faa-h-8083-25c.pdf	417	scan	11	0	form+form-depth=1
faa-h-8083-25c.pdf	418	scan	12	0	form+form-depth=1
faa-h-8083-25c.pdf	419	applied	12	1	t:blank-show
faa-h-8083-25c.pdf	420	applied	13	1	t:blank-show
faa-h-8083-25c.pdf	421	applied	13	0	
faa-h-8083-25c.pdf	422	applied	4	0	
faa-h-8083-25c.pdf	423	scan	5	0	form+form-depth=1
faa-h-8083-25c.pdf	424	groups	24	1	t:blank-show+t:mcid-unplaced
faa-h-8083-25c.pdf	425	applied	19	0	t:blank-show
faa-h-8083-25c.pdf	426	scan	24	0	form
faa-h-8083-25c.pdf	427	scan	17	0	form
faa-h-8083-25c.pdf	428	scan	12	0	form
faa-h-8083-25c.pdf	429	scan	12	0	form
faa-h-8083-25c.pdf	430	scan	15	0	form
faa-h-8083-25c.pdf	431	applied	25	0	t:blank-show
faa-h-8083-25c.pdf	432	groups	25	3	t:blank-show+t:mcid-unplaced
faa-h-8083-25c.pdf	433	scan	6	0	form
faa-h-8083-25c.pdf	434	groups	14	1	t:blank-show+t:mcid-unplaced
faa-h-8083-25c.pdf	435	groups	23	2	t:blank-show+t:mcid-unplaced
faa-h-8083-25c.pdf	436	groups	23	3	t:blank-show+t:mcid-unplaced
faa-h-8083-25c.pdf	437	groups	8	1	t:blank-show+t:mcid-unplaced
faa-h-8083-25c.pdf	438	groups	13	8	t:blank-show+t:mcid-unplaced
faa-h-8083-25c.pdf	439	groups	3	2	t:blank-show+t:mcid-unplaced
faa-h-8083-25c.pdf	440	groups	23	1	t:blank-show+t:mcid-unplaced
faa-h-8083-25c.pdf	441	scan	7	0	form
faa-h-8083-25c.pdf	442	scan	9	0	form+form-depth=1
faa-h-8083-25c.pdf	443	scan	14	0	form
faa-h-8083-25c.pdf	444	scan	14	0	form+form-depth=1
faa-h-8083-25c.pdf	445	scan	11	0	form+form-depth=1
faa-h-8083-25c.pdf	446	scan	15	0	form
faa-h-8083-25c.pdf	447	scan	20	0	form+form-text+form-depth=2
faa-h-8083-25c.pdf	448	page-image	18	0	form
faa-h-8083-25c.pdf	449	applied	14	0	t:blank-show
faa-h-8083-25c.pdf	450	applied	8	0	t:blank-show
faa-h-8083-25c.pdf	451	applied	3	0	
faa-h-8083-25c.pdf	453	scan	4	0	form
faa-h-8083-25c.pdf	454	scan	2	0	form+form-text
faa-h-8083-25c.pdf	455	scan	1	0	form
faa-h-8083-25c.pdf	456	scan	1	0	form+form-text
faa-h-8083-25c.pdf	457	scan	1	0	form
faa-h-8083-25c.pdf	458	scan	1	0	form+form-text
faa-h-8083-25c.pdf	459	scan	1	0	form
faa-h-8083-25c.pdf	461	scan	82	0	form
faa-h-8083-25c.pdf	462	groups	103	80	t:blank-show+t:mcid-unplaced
faa-h-8083-25c.pdf	463	groups	99	87	t:blank-show+t:mcid-unplaced
faa-h-8083-25c.pdf	464	groups	100	85	t:blank-show+t:mcid-unplaced
faa-h-8083-25c.pdf	465	groups	102	94	t:blank-show+t:mcid-unplaced
faa-h-8083-25c.pdf	466	groups	100	92	t:blank-show+t:mcid-unplaced
faa-h-8083-25c.pdf	467	groups	98	90	t:blank-show+t:mcid-unplaced
faa-h-8083-25c.pdf	468	groups	101	80	t:blank-show+t:mcid-unplaced
faa-h-8083-25c.pdf	469	groups	102	93	t:blank-show+t:mcid-unplaced
faa-h-8083-25c.pdf	470	groups	95	79	t:blank-show+t:mcid-unplaced
faa-h-8083-25c.pdf	471	groups	99	91	t:blank-show+t:mcid-unplaced
faa-h-8083-25c.pdf	472	groups	71	59	t:blank-show+t:mcid-unplaced
faa-h-8083-25c.pdf	473	scan	4	0	form+form-depth=1
faa-h-8083-25c.pdf	474	scan	2	0	form+form-depth=1
faa-h-8083-25c.pdf	476	scan	1	0	form+form-depth=2
faa-h-8083-25c.pdf	477	scan	26	0	form
faa-h-8083-25c.pdf	478	scan	23	0	form+form-text
faa-h-8083-25c.pdf	479	scan	21	0	form
faa-h-8083-25c.pdf	480	scan	28	0	form+form-text
faa-h-8083-25c.pdf	481	scan	23	0	form
faa-h-8083-25c.pdf	482	scan	26	0	form+form-text
faa-h-8083-25c.pdf	483	scan	22	0	form
faa-h-8083-25c.pdf	484	scan	23	0	form+form-text
faa-h-8083-25c.pdf	485	scan	27	0	form
faa-h-8083-25c.pdf	486	scan	25	0	form+form-text
faa-h-8083-25c.pdf	487	scan	31	0	form
faa-h-8083-25c.pdf	488	scan	27	0	form+form-text
faa-h-8083-25c.pdf	489	scan	25	0	form
faa-h-8083-25c.pdf	490	scan	30	0	form+form-text
faa-h-8083-25c.pdf	491	scan	25	0	form
faa-h-8083-25c.pdf	492	scan	24	0	form+form-text
faa-h-8083-25c.pdf	493	scan	30	0	form
faa-h-8083-25c.pdf	494	scan	27	0	form+form-text
faa-h-8083-25c.pdf	495	scan	31	0	form
faa-h-8083-25c.pdf	496	scan	29	0	form+form-text
faa-h-8083-25c.pdf	497	scan	28	0	form
faa-h-8083-25c.pdf	498	scan	32	0	form+form-text
faa-h-8083-25c.pdf	499	scan	27	0	form
faa-h-8083-25c.pdf	500	scan	21	0	form+form-text
faa-h-8083-25c.pdf	501	scan	27	0	form
faa-h-8083-25c.pdf	502	scan	30	0	form+form-text
faa-h-8083-25c.pdf	503	scan	24	0	form
faa-h-8083-25c.pdf	504	scan	24	0	form+form-text
faa-h-8083-25c.pdf	505	scan	33	0	form
faa-h-8083-25c.pdf	506	scan	28	0	form+form-text
faa-h-8083-25c.pdf	507	scan	26	0	form
faa-h-8083-25c.pdf	508	scan	30	0	form+form-text
faa-h-8083-25c.pdf	509	scan	24	0	form
faa-h-8083-25c.pdf	510	scan	27	0	form+form-text
faa-h-8083-25c.pdf	511	scan	14	0	form
faa-h-8083-25c.pdf	513	scan	86	0	form
faa-h-8083-25c.pdf	514	groups	100	23	t:blank-show+t:mcid-unplaced
faa-h-8083-25c.pdf	515	groups	99	8	t:blank-show+t:mcid-unplaced
faa-h-8083-25c.pdf	516	groups	99	7	t:blank-show+t:mcid-unplaced
faa-h-8083-25c.pdf	517	groups	91	17	t:blank-show+t:mcid-unplaced
faa-h-8083-25c.pdf	518	groups	97	9	t:blank-show+t:mcid-unplaced
faa-h-8083-25c.pdf	519	groups	94	13	t:blank-show+t:mcid-unplaced
faa-h-8083-25c.pdf	520	groups	99	9	t:blank-show+t:mcid-unplaced
faa-h-8083-25c.pdf	521	groups	95	17	t:blank-show+t:mcid-unplaced
faa-h-8083-25c.pdf	522	groups	82	24	t:blank-show+t:mcid-unplaced
faa-h-8083-25c.pdf	SUMMARY	total=522	tagged=510		
