page	styled	simpleFonts	strictRejected	oneByteAccepted	otherRejected	shows	decoded	measured	invalid
2	true	3	3	3	-	0	0	0	gs@460
3	true	3	3	3	-	0	0	0	gs@460
4	true	1	1	1	-	0	0	0	gs@460
5	true	3	3	3	-	0	0	0	gs@460
6	true	4	4	3	codespace(<0000> <FFFF>)+twoByteEntry(<0020> <0020>)=1	0	0	0	gs@460
7	true	3	3	2	codespace(<0000> <FFFF>)+twoByteEntry(<0020> <0020>)=1	0	0	0	gs@460
8	true	3	3	2	codespace(<0000> <FFFF>)+twoByteEntry(<0020> <0020>)=1	0	0	0	gs@460
9	true	3	3	2	codespace(<0000> <FFFF>)+twoByteEntry(<0020> <0020>)=1	0	0	0	gs@460
10	true	3	3	2	codespace(<0000> <FFFF>)+twoByteEntry(<0020> <0020>)=1	0	0	0	gs@460
11	true	3	3	2	codespace(<0000> <FFFF>)+twoByteEntry(<0020> <0020>)=1	0	0	0	gs@460
12	true	3	3	2	codespace(<0000> <FFFF>)+twoByteEntry(<0020> <0020>)=1	0	0	0	gs@460
13	true	4	4	2	codespace(<0000> <FFFF>)+twoByteEntry(<0020> <0020>)=2	0	0	0	gs@460
14	true	3	3	2	codespace(<0000> <FFFF>)+twoByteEntry(<0020> <0020>)=1	0	0	0	gs@460
15	true	3	3	2	codespace(<0000> <FFFF>)+twoByteEntry(<0020> <0020>)=1	0	0	0	gs@460
16	true	4	4	3	codespace(<0000> <FFFF>)+twoByteEntry(<0020> <0020>)=1	0	0	0	gs@460
17	true	4	4	3	codespace(<0000> <FFFF>)+twoByteEntry(<0020> <0020>)=1	0	0	0	gs@460
18	true	4	4	3	codespace(<0000> <FFFF>)+twoByteEntry(<0020> <0020>)=1	0	0	0	gs@460
19	true	5	5	4	codespace(<0000> <FFFF>)+twoByteEntry(<0020> <0020>)=1	0	0	0	gs@460
20	true	4	4	3	codespace(<0000> <FFFF>)+twoByteEntry(<0020> <0020>)=1	0	0	0	gs@460
21	true	4	4	3	codespace(<0000> <FFFF>)+twoByteEntry(<0020> <0020>)=1	0	0	0	gs@460
22	true	4	4	3	codespace(<0000> <FFFF>)+twoByteEntry(<0020> <0020>)=1	0	0	0	gs@460
23	true	7	7	5	codespace(<0000> <FFFF>)+twoByteEntry(<0020> <0020>)=2	0	0	0	gs@460
24	true	5	5	4	codespace(<0000> <FFFF>)+twoByteEntry(<0020> <0020>)=1	0	0	0	gs@460
25	true	5	5	4	codespace(<0000> <FFFF>)+twoByteEntry(<0020> <0020>)=1	0	0	0	gs@460
26	true	5	5	4	codespace(<0000> <FFFF>)+twoByteEntry(<0020> <0020>)=1	0	0	0	gs@460
27	true	6	6	4	codespace(<0000> <FFFF>)+twoByteEntry(<0020> <0020>)=2	0	0	0	gs@460
28	true	6	6	4	codespace(<0000> <FFFF>)+twoByteEntry(<0020> <0020>)=2	0	0	0	gs@460
29	true	5	5	4	codespace(<0000> <FFFF>)+twoByteEntry(<0020> <0020>)=1	0	0	0	gs@460
30	true	2	2	1	codespace(<0000> <FFFF>)+twoByteEntry(<0020> <0020>)=1	0	0	0	gs@460
31	true	5	5	4	codespace(<0000> <FFFF>)+twoByteEntry(<0020> <0020>)=1	0	0	0	gs@460
32	true	5	5	4	codespace(<0000> <FFFF>)+twoByteEntry(<0020> <0020>)=1	0	0	0	gs@460
33	true	4	4	3	codespace(<0000> <FFFF>)+twoByteEntry(<0020> <0020>)=1	0	0	0	gs@460
34	true	3	3	2	codespace(<0000> <FFFF>)+twoByteEntry(<0020> <0020>)=1	0	0	0	gs@460
35	true	5	5	4	codespace(<0000> <FFFF>)+twoByteEntry(<0020> <0020>)=1	0	0	0	gs@460
36	true	4	4	3	codespace(<0000> <FFFF>)+twoByteEntry(<0020> <0020>)=1	0	0	0	gs@460
37	true	5	5	4	codespace(<0000> <FFFF>)+twoByteEntry(<0020> <0020>)=1	0	0	0	gs@460
38	true	4	4	3	codespace(<0000> <FFFF>)+twoByteEntry(<0020> <0020>)=1	0	0	0	gs@460
39	true	3	3	2	codespace(<0000> <FFFF>)+twoByteEntry(<0020> <0020>)=1	0	0	0	gs@460
40	true	4	4	3	codespace(<0000> <FFFF>)+twoByteEntry(<0020> <0020>)=1	0	0	0	gs@460
41	true	5	5	4	codespace(<0000> <FFFF>)+twoByteEntry(<0020> <0020>)=1	0	0	0	gs@460
42	true	4	4	3	codespace(<0000> <FFFF>)+twoByteEntry(<0020> <0020>)=1	0	0	0	gs@460
43	true	4	4	3	codespace(<0000> <FFFF>)+twoByteEntry(<0020> <0020>)=1	0	0	0	gs@460
44	true	6	6	4	codespace(<0000> <FFFF>)+twoByteEntry(<0020> <0020>)=2	0	0	0	gs@460
45	true	7	7	5	codespace(<0000> <FFFF>)+twoByteEntry(<0020> <0020>)=2	0	0	0	gs@460
46	true	5	5	3	codespace(<0000> <FFFF>)+twoByteEntry(<0020> <0020>)=2	0	0	0	gs@460
47	true	5	5	4	codespace(<0000> <FFFF>)+twoByteEntry(<0020> <0020>)=1	0	0	0	gs@460
48	true	4	4	3	codespace(<0000> <FFFF>)+twoByteEntry(<0020> <0020>)=1	0	0	0	gs@460
49	true	6	6	4	codespace(<0000> <FFFF>)+twoByteEntry(<0020> <0020>)=2	0	0	0	gs@460
50	true	4	4	3	codespace(<0000> <FFFF>)+twoByteEntry(<0020> <0020>)=1	0	0	0	gs@460
51	true	3	3	2	codespace(<0000> <FFFF>)+twoByteEntry(<0020> <0020>)=1	0	0	0	gs@460
52	true	5	5	4	codespace(<0000> <FFFF>)+twoByteEntry(<0020> <0020>)=1	0	0	0	gs@460
53	true	3	3	2	codespace(<0000> <FFFF>)+twoByteEntry(<0020> <0020>)=1	0	0	0	gs@460
54	true	7	7	5	codespace(<0000> <FFFF>)+twoByteEntry(<0020> <0020>)=2	0	0	0	gs@460
55	true	8	8	6	codespace(<0000> <FFFF>)+twoByteEntry(<0020> <0020>)=2	0	0	0	gs@460
56	true	5	5	4	codespace(<0000> <FFFF>)+twoByteEntry(<0020> <0020>)=1	0	0	0	gs@460
57	true	6	6	4	codespace(<0000> <FFFF>)+twoByteEntry(<0020> <0020>)=2	0	0	0	gs@460
58	true	6	6	4	codespace(<0000> <FFFF>)+twoByteEntry(<0020> <0020>)=2	0	0	0	gs@460
59	true	3	3	2	codespace(<0000> <FFFF>)+twoByteEntry(<0020> <0020>)=1	0	0	0	gs@460
60	true	5	5	4	codespace(<0000> <FFFF>)+twoByteEntry(<0020> <0020>)=1	0	0	0	gs@460
61	true	8	8	5	codespace(<0000> <FFFF>)+twoByteEntry(<0020> <0020>)=3	0	0	0	gs@460
62	true	5	5	4	codespace(<0000> <FFFF>)+twoByteEntry(<0020> <0020>)=1	0	0	0	gs@460
63	true	5	5	4	codespace(<0000> <FFFF>)+twoByteEntry(<0020> <0020>)=1	0	0	0	gs@460
64	true	7	7	6	codespace(<0000> <FFFF>)+twoByteEntry(<0020> <0020>)=1	0	0	0	gs@460
65	true	4	4	3	codespace(<0000> <FFFF>)+twoByteEntry(<0020> <0020>)=1	0	0	0	gs@460
66	true	5	5	4	codespace(<0000> <FFFF>)+twoByteEntry(<0020> <0020>)=1	0	0	0	gs@460
67	true	5	5	4	codespace(<0000> <FFFF>)+twoByteEntry(<0020> <0020>)=1	0	0	0	gs@460
68	true	5	5	4	codespace(<0000> <FFFF>)+twoByteEntry(<0020> <0020>)=1	0	0	0	gs@460
69	true	4	4	3	codespace(<0000> <FFFF>)+twoByteEntry(<0020> <0020>)=1	0	0	0	gs@460
70	true	3	3	2	codespace(<0000> <FFFF>)+twoByteEntry(<0020> <0020>)=1	0	0	0	gs@460
71	true	3	3	2	codespace(<0000> <FFFF>)+twoByteEntry(<0020> <0020>)=1	0	0	0	gs@460
72	true	4	4	3	codespace(<0000> <FFFF>)+twoByteEntry(<0020> <0020>)=1	0	0	0	gs@460
73	true	4	4	3	codespace(<0000> <FFFF>)+twoByteEntry(<0020> <0020>)=1	0	0	0	gs@460
74	true	5	5	3	codespace(<0000> <FFFF>)+twoByteEntry(<0020> <0020>)=2	0	0	0	gs@460
75	true	8	8	4	codespace(<0000> <FFFF>)+twoByteEntry(<0020> <0020>)=4	0	0	0	gs@460
76	true	6	6	4	codespace(<0000> <FFFF>)+twoByteEntry(<0020> <0020>)=2	0	0	0	gs@460
77	true	5	5	3	codespace(<0000> <FFFF>)+twoByteEntry(<0020> <0020>)=2	0	0	0	gs@460
78	true	5	5	3	codespace(<0000> <FFFF>)+twoByteEntry(<0020> <0020>)=2	0	0	0	gs@460
79	true	5	5	3	codespace(<0000> <FFFF>)+twoByteEntry(<0020> <0020>)=2	0	0	0	gs@460
80	true	6	6	4	codespace(<0000> <FFFF>)+twoByteEntry(<0020> <0020>)=2	0	0	0	gs@460
81	true	5	5	4	codespace(<0000> <FFFF>)+twoByteEntry(<0020> <0020>)=1	0	0	0	gs@460
82	true	6	6	4	codespace(<0000> <FFFF>)+twoByteEntry(<0020> <0020>)=2	0	0	0	gs@460
83	true	5	5	4	codespace(<0000> <FFFF>)+twoByteEntry(<0020> <0020>)=1	0	0	0	gs@460
84	true	4	4	3	codespace(<0000> <FFFF>)+twoByteEntry(<0020> <0020>)=1	0	0	0	gs@460
85	true	4	4	2	codespace(<0000> <FFFF>)+twoByteEntry(<0020> <0020>)=2	0	0	0	gs@460
86	true	4	4	3	codespace(<0000> <FFFF>)+twoByteEntry(<0020> <0020>)=1	0	0	0	gs@460
87	true	7	7	4	codespace(<0000> <FFFF>)+twoByteEntry(<0020> <0020>)=3	0	0	0	gs@460
88	true	4	4	3	codespace(<0000> <FFFF>)+twoByteEntry(<0020> <0020>)=1	0	0	0	gs@460
89	true	6	6	4	codespace(<0000> <FFFF>)+twoByteEntry(<0020> <0020>)=2	0	0	0	gs@460
90	true	9	9	6	codespace(<0000> <FFFF>)+twoByteEntry(<0020> <0020>)=3	0	0	0	gs@460
91	true	4	4	3	codespace(<0000> <FFFF>)+twoByteEntry(<0020> <0020>)=1	0	0	0	gs@460
92	true	5	5	4	codespace(<0000> <FFFF>)+twoByteEntry(<0020> <0020>)=1	0	0	0	gs@460
93	true	5	5	4	codespace(<0000> <FFFF>)+twoByteEntry(<0020> <0020>)=1	0	0	0	gs@460
94	true	6	6	3	codespace(<0000> <FFFF>)+twoByteEntry(<0020> <0020>)=3	0	0	0	gs@460
95	true	6	6	4	codespace(<0000> <FFFF>)+twoByteEntry(<0020> <0020>)=2	0	0	0	gs@460
96	true	5	5	4	codespace(<0000> <FFFF>)+twoByteEntry(<0020> <0020>)=1	0	0	0	gs@460
97	true	1	1	0	codespace(<0000> <FFFF>)+twoByteEntry(<0020> <0020>)=1	0	0	0	gs@460
98	true	4	4	3	codespace(<0000> <FFFF>)+twoByteEntry(<0020> <0020>)=1	0	0	0	gs@460
99	true	7	7	4	codespace(<0000> <FFFF>)+twoByteEntry(<0020> <0020>)=3	0	0	0	gs@460
100	true	6	6	4	codespace(<0000> <FFFF>)+twoByteEntry(<0020> <0020>)=2	0	0	0	gs@460
101	true	6	6	4	codespace(<0000> <FFFF>)+twoByteEntry(<0020> <0020>)=2	0	0	0	gs@460
102	true	7	7	5	codespace(<0000> <FFFF>)+twoByteEntry(<0020> <0020>)=2	0	0	0	gs@460
103	true	6	6	4	codespace(<0000> <FFFF>)+twoByteEntry(<0020> <0020>)=2	0	0	0	gs@460
104	true	5	5	4	codespace(<0000> <FFFF>)+twoByteEntry(<0020> <0020>)=1	0	0	0	gs@460
105	true	4	4	3	codespace(<0000> <FFFF>)+twoByteEntry(<0020> <0020>)=1	0	0	0	gs@460
106	true	5	5	3	codespace(<0000> <FFFF>)+twoByteEntry(<0020> <0020>)=2	0	0	0	gs@460
107	true	6	6	3	codespace(<0000> <FFFF>)+twoByteEntry(<0020> <0020>)=3	0	0	0	gs@460
108	true	6	6	3	codespace(<0000> <FFFF>)+twoByteEntry(<0020> <0020>)=3	0	0	0	gs@460
109	true	6	6	4	codespace(<0000> <FFFF>)+twoByteEntry(<0020> <0020>)=2	0	0	0	gs@460
110	true	4	4	3	codespace(<0000> <FFFF>)+twoByteEntry(<0020> <0020>)=1	0	0	0	gs@460
111	true	7	7	5	codespace(<0000> <FFFF>)+twoByteEntry(<0020> <0020>)=2	0	0	0	gs@460
112	true	7	7	5	codespace(<0000> <FFFF>)+twoByteEntry(<0020> <0020>)=2	0	0	0	gs@460
113	true	9	9	6	codespace(<0000> <FFFF>)+twoByteEntry(<0020> <0020>)=3	0	0	0	gs@460
114	true	9	9	6	codespace(<0000> <FFFF>)+twoByteEntry(<0020> <0020>)=3	0	0	0	gs@460
115	true	5	5	3	codespace(<0000> <FFFF>)+twoByteEntry(<0020> <0020>)=2	0	0	0	gs@460
116	true	9	9	6	codespace(<0000> <FFFF>)+twoByteEntry(<0020> <0020>)=3	0	0	0	gs@460
117	true	4	4	3	codespace(<0000> <FFFF>)+twoByteEntry(<0020> <0020>)=1	0	0	0	gs@460
118	true	5	5	3	codespace(<0000> <FFFF>)+twoByteEntry(<0020> <0020>)=2	0	0	0	gs@460
119	true	5	5	3	codespace(<0000> <FFFF>)+twoByteEntry(<0020> <0020>)=2	0	0	0	gs@460
120	true	4	4	3	codespace(<0000> <FFFF>)+twoByteEntry(<0020> <0020>)=1	0	0	0	gs@460
121	true	7	7	3	codespace(<0000> <FFFF>)+twoByteEntry(<0020> <0020>)=4	0	0	0	gs@460
122	true	4	4	3	codespace(<0000> <FFFF>)+twoByteEntry(<0020> <0020>)=1	0	0	0	gs@460
123	true	6	6	3	codespace(<0000> <FFFF>)+twoByteEntry(<0020> <0020>)=3	0	0	0	gs@460
124	true	4	4	3	codespace(<0000> <FFFF>)+twoByteEntry(<0020> <0020>)=1	0	0	0	gs@460
125	true	4	4	3	codespace(<0000> <FFFF>)+twoByteEntry(<0020> <0020>)=1	0	0	0	gs@460
126	true	5	5	3	codespace(<0000> <FFFF>)+twoByteEntry(<0020> <0020>)=2	0	0	0	gs@460
127	true	6	6	3	codespace(<0000> <FFFF>)+twoByteEntry(<0020> <0020>)=3	0	0	0	gs@460
128	true	6	6	3	codespace(<0000> <FFFF>)+twoByteEntry(<0020> <0020>)=3	0	0	0	gs@460
129	true	6	6	3	codespace(<0000> <FFFF>)+twoByteEntry(<0020> <0020>)=3	0	0	0	gs@460
130	true	6	6	4	codespace(<0000> <FFFF>)+twoByteEntry(<0020> <0020>)=2	0	0	0	gs@460
131	true	7	7	4	codespace(<0000> <FFFF>)+twoByteEntry(<0020> <0020>)=3	0	0	0	gs@460
132	true	6	6	4	codespace(<0000> <FFFF>)+twoByteEntry(<0020> <0020>)=2	0	0	0	gs@460
133	true	4	4	3	codespace(<0000> <FFFF>)+twoByteEntry(<0020> <0020>)=1	0	0	0	gs@460
134	true	5	5	4	codespace(<0000> <FFFF>)+twoByteEntry(<0020> <0020>)=1	0	0	0	gs@460
135	true	6	6	4	codespace(<0000> <FFFF>)+twoByteEntry(<0020> <0020>)=2	0	0	0	gs@460
136	true	9	9	4	codespace(<0000> <FFFF>)+twoByteEntry(<0020> <0020>)=5	0	0	0	gs@460
137	true	6	6	3	codespace(<0000> <FFFF>)+twoByteEntry(<0020> <0020>)=3	0	0	0	gs@460
138	true	6	6	4	codespace(<0000> <FFFF>)+twoByteEntry(<0020> <0020>)=2	0	0	0	gs@460
139	true	3	3	2	codespace(<0000> <FFFF>)+twoByteEntry(<0020> <0020>)=1	0	0	0	gs@460
140	true	6	6	4	codespace(<0000> <FFFF>)+twoByteEntry(<0020> <0020>)=2	0	0	0	gs@460
141	true	4	4	3	codespace(<0000> <FFFF>)+twoByteEntry(<0020> <0020>)=1	0	0	0	gs@460
142	true	7	7	4	codespace(<0000> <FFFF>)+twoByteEntry(<0020> <0020>)=3	0	0	0	gs@460
143	true	5	5	4	codespace(<0000> <FFFF>)+twoByteEntry(<0020> <0020>)=1	0	0	0	gs@460
144	true	7	7	4	codespace(<0000> <FFFF>)+twoByteEntry(<0020> <0020>)=3	0	0	0	gs@460
145	true	5	5	3	codespace(<0000> <FFFF>)+twoByteEntry(<0020> <0020>)=2	0	0	0	gs@460
146	true	6	6	3	codespace(<0000> <FFFF>)+twoByteEntry(<0020> <0020>)=3	0	0	0	gs@460
147	true	5	5	3	codespace(<0000> <FFFF>)+twoByteEntry(<0020> <0020>)=2	0	0	0	gs@460
148	true	3	3	2	codespace(<0000> <FFFF>)+twoByteEntry(<0020> <0020>)=1	0	0	0	gs@460
149	true	5	5	4	codespace(<0000> <FFFF>)+twoByteEntry(<0020> <0020>)=1	0	0	0	gs@460
150	true	7	7	4	codespace(<0000> <FFFF>)+twoByteEntry(<0020> <0020>)=3	0	0	0	gs@460
151	true	8	8	5	codespace(<0000> <FFFF>)+twoByteEntry(<0020> <0020>)=3	0	0	0	gs@460
152	true	6	6	3	codespace(<0000> <FFFF>)+twoByteEntry(<0020> <0020>)=3	0	0	0	gs@460
153	true	7	7	5	codespace(<0000> <FFFF>)+twoByteEntry(<0020> <0020>)=2	0	0	0	gs@460
154	true	6	6	5	codespace(<0000> <FFFF>)+twoByteEntry(<0020> <0020>)=1	0	0	0	gs@460
155	true	7	7	4	codespace(<0000> <FFFF>)+twoByteEntry(<0020> <0020>)=3	0	0	0	gs@460
156	true	7	7	5	codespace(<0000> <FFFF>)+twoByteEntry(<0020> <0020>)=2	0	0	0	gs@460
157	true	7	7	4	codespace(<0000> <FFFF>)+twoByteEntry(<0020> <0020>)=3	0	0	0	gs@460
158	true	5	5	4	codespace(<0000> <FFFF>)+twoByteEntry(<0020> <0020>)=1	0	0	0	gs@460
159	true	6	6	4	codespace(<0000> <FFFF>)+twoByteEntry(<0020> <0020>)=2	0	0	0	gs@460
160	true	6	6	4	codespace(<0000> <FFFF>)+twoByteEntry(<0020> <0020>)=2	0	0	0	gs@460
161	true	4	4	3	codespace(<0000> <FFFF>)+twoByteEntry(<0020> <0020>)=1	0	0	0	gs@460
162	true	4	4	3	codespace(<0000> <FFFF>)+twoByteEntry(<0020> <0020>)=1	0	0	0	gs@460
163	true	6	6	3	codespace(<0000> <FFFF>)+twoByteEntry(<0020> <0020>)=3	0	0	0	gs@460
164	true	6	6	4	codespace(<0000> <FFFF>)+twoByteEntry(<0020> <0020>)=2	0	0	0	gs@460
165	true	7	7	5	codespace(<0000> <FFFF>)+twoByteEntry(<0020> <0020>)=2	0	0	0	gs@460
166	true	6	6	5	codespace(<0000> <FFFF>)+twoByteEntry(<0020> <0020>)=1	0	0	0	gs@460
167	true	4	4	3	codespace(<0000> <FFFF>)+twoByteEntry(<0020> <0020>)=1	0	0	0	gs@460
168	true	5	5	3	codespace(<0000> <FFFF>)+twoByteEntry(<0020> <0020>)=2	0	0	0	gs@460
169	true	5	5	4	codespace(<0000> <FFFF>)+twoByteEntry(<0020> <0020>)=1	0	0	0	gs@460
170	true	7	7	5	codespace(<0000> <FFFF>)+twoByteEntry(<0020> <0020>)=2	0	0	0	gs@460
171	true	6	6	5	codespace(<0000> <FFFF>)+twoByteEntry(<0020> <0020>)=1	0	0	0	gs@460
172	true	3	3	2	codespace(<0000> <FFFF>)+twoByteEntry(<0020> <0020>)=1	0	0	0	gs@460
173	true	5	5	3	codespace(<0000> <FFFF>)+twoByteEntry(<0020> <0020>)=2	0	0	0	gs@460
174	true	6	6	4	codespace(<0000> <FFFF>)+twoByteEntry(<0020> <0020>)=2	0	0	0	gs@460
175	true	5	5	4	codespace(<0000> <FFFF>)+twoByteEntry(<0020> <0020>)=1	0	0	0	gs@460
176	true	5	5	4	codespace(<0000> <FFFF>)+twoByteEntry(<0020> <0020>)=1	0	0	0	gs@460
177	true	4	4	3	codespace(<0000> <FFFF>)+twoByteEntry(<0020> <0020>)=1	0	0	0	gs@460
178	true	4	4	3	codespace(<0000> <FFFF>)+twoByteEntry(<0020> <0020>)=1	0	0	0	gs@460
179	true	6	6	4	codespace(<0000> <FFFF>)+twoByteEntry(<0020> <0020>)=2	0	0	0	gs@460
180	true	5	5	4	codespace(<0000> <FFFF>)+twoByteEntry(<0020> <0020>)=1	0	0	0	gs@460
181	true	5	5	4	codespace(<0000> <FFFF>)+twoByteEntry(<0020> <0020>)=1	0	0	0	gs@460
182	true	5	5	4	codespace(<0000> <FFFF>)+twoByteEntry(<0020> <0020>)=1	0	0	0	gs@460
183	true	5	5	4	codespace(<0000> <FFFF>)+twoByteEntry(<0020> <0020>)=1	0	0	0	gs@460
184	true	6	6	4	codespace(<0000> <FFFF>)+twoByteEntry(<0020> <0020>)=2	0	0	0	gs@460
185	true	6	6	4	codespace(<0000> <FFFF>)+twoByteEntry(<0020> <0020>)=2	0	0	0	gs@460
186	true	6	6	5	codespace(<0000> <FFFF>)+twoByteEntry(<0020> <0020>)=1	0	0	0	gs@460
187	true	5	5	4	codespace(<0000> <FFFF>)+twoByteEntry(<0020> <0020>)=1	0	0	0	gs@460
188	true	4	4	3	codespace(<0000> <FFFF>)+twoByteEntry(<0020> <0020>)=1	0	0	0	gs@460
189	true	3	3	2	codespace(<0000> <FFFF>)+twoByteEntry(<0020> <0020>)=1	0	0	0	gs@460
190	true	3	3	2	codespace(<0000> <FFFF>)+twoByteEntry(<0020> <0020>)=1	0	0	0	gs@460
191	true	4	4	3	codespace(<0000> <FFFF>)+twoByteEntry(<0020> <0020>)=1	0	0	0	gs@460
192	true	6	6	4	codespace(<0000> <FFFF>)+twoByteEntry(<0020> <0020>)=2	0	0	0	gs@460
193	true	7	7	6	codespace(<0000> <FFFF>)+twoByteEntry(<0020> <0020>)=1	0	0	0	gs@460
194	true	5	5	4	codespace(<0000> <FFFF>)+twoByteEntry(<0020> <0020>)=1	0	0	0	gs@460
195	true	7	7	5	codespace(<0000> <FFFF>)+twoByteEntry(<0020> <0020>)=2	0	0	0	gs@460
196	true	4	4	3	codespace(<0000> <FFFF>)+twoByteEntry(<0020> <0020>)=1	0	0	0	gs@460
197	true	4	4	3	codespace(<0000> <FFFF>)+twoByteEntry(<0020> <0020>)=1	0	0	0	gs@460
198	true	4	4	3	codespace(<0000> <FFFF>)+twoByteEntry(<0020> <0020>)=1	0	0	0	gs@460
199	true	4	4	3	codespace(<0000> <FFFF>)+twoByteEntry(<0020> <0020>)=1	0	0	0	gs@460
200	true	5	5	3	codespace(<0000> <FFFF>)+twoByteEntry(<0020> <0020>)=2	0	0	0	gs@460
201	true	6	6	4	codespace(<0000> <FFFF>)+twoByteEntry(<0020> <0020>)=2	0	0	0	gs@460
202	true	2	2	1	codespace(<0000> <FFFF>)+twoByteEntry(<0020> <0020>)=1	0	0	0	gs@460
203	true	5	5	5	-	0	0	0	gs@460
204	true	6	6	4	codespace(<0000> <FFFF>)+twoByteEntry(<0020> <0020>)=2	0	0	0	gs@460
205	true	7	7	5	codespace(<0000> <FFFF>)+twoByteEntry(<0020> <0020>)=2	0	0	0	gs@460
206	true	7	7	5	codespace(<0000> <FFFF>)+twoByteEntry(<0020> <0020>)=2	0	0	0	gs@460
207	true	8	8	5	codespace(<0000> <FFFF>)+twoByteEntry(<0020> <0020>)=3	0	0	0	gs@460
208	true	4	4	2	codespace(<0000> <FFFF>)+twoByteEntry(<0020> <0020>)=2	0	0	0	gs@460
209	true	7	7	5	codespace(<0000> <FFFF>)+twoByteEntry(<0020> <0020>)=2	0	0	0	gs@460
210	true	9	9	6	codespace(<0000> <FFFF>)+twoByteEntry(<0020> <0020>)=3	0	0	0	gs@460
211	true	6	6	5	codespace(<0000> <FFFF>)+twoByteEntry(<0020> <0020>)=1	0	0	0	gs@460
212	true	6	6	4	codespace(<0000> <FFFF>)+twoByteEntry(<0020> <0020>)=2	0	0	0	gs@460
213	true	7	7	5	codespace(<0000> <FFFF>)+twoByteEntry(<0020> <0020>)=2	0	0	0	gs@460
214	true	7	7	5	codespace(<0000> <FFFF>)+twoByteEntry(<0020> <0020>)=2	0	0	0	gs@460
215	true	4	4	3	codespace(<0000> <FFFF>)+twoByteEntry(<0020> <0020>)=1	0	0	0	gs@460
216	true	7	7	4	codespace(<0000> <FFFF>)+twoByteEntry(<0020> <0020>)=3	0	0	0	gs@460
217	true	5	5	4	codespace(<0000> <FFFF>)+twoByteEntry(<0020> <0020>)=1	0	0	0	gs@460
218	true	6	6	5	codespace(<0000> <FFFF>)+twoByteEntry(<0020> <0020>)=1	0	0	0	gs@460
219	true	8	8	5	codespace(<0000> <FFFF>)+twoByteEntry(<0020> <0020>)=3	0	0	0	gs@460
220	true	9	9	6	codespace(<0000> <FFFF>)+twoByteEntry(<0020> <0020>)=3	0	0	0	gs@460
221	true	5	5	3	codespace(<0000> <FFFF>)+twoByteEntry(<0020> <0020>)=2	0	0	0	gs@460
222	true	5	5	3	codespace(<0000> <FFFF>)+twoByteEntry(<0020> <0020>)=2	0	0	0	gs@460
223	true	4	4	3	codespace(<0000> <FFFF>)+twoByteEntry(<0020> <0020>)=1	0	0	0	gs@460
224	true	5	5	4	codespace(<0000> <FFFF>)+twoByteEntry(<0020> <0020>)=1	0	0	0	gs@460
225	true	4	4	3	codespace(<0000> <FFFF>)+twoByteEntry(<0020> <0020>)=1	0	0	0	gs@460
226	false	7	7	5	codespace(<0000> <FFFF>)+twoByteEntry(<0020> <0020>)=2	0	0	0	gs@460
227	true	4	4	3	codespace(<0000> <FFFF>)+twoByteEntry(<0020> <0020>)=1	0	0	0	gs@460
228	true	5	5	4	codespace(<0000> <FFFF>)+twoByteEntry(<0020> <0020>)=1	0	0	0	gs@460
229	true	8	8	6	codespace(<0000> <FFFF>)+twoByteEntry(<0020> <0020>)=2	0	0	0	gs@460
230	true	5	5	4	codespace(<0000> <FFFF>)+twoByteEntry(<0020> <0020>)=1	0	0	0	gs@460
231	true	4	4	3	codespace(<0000> <FFFF>)+twoByteEntry(<0020> <0020>)=1	0	0	0	gs@460
232	true	5	5	4	codespace(<0000> <FFFF>)+twoByteEntry(<0020> <0020>)=1	0	0	0	gs@460
233	true	9	9	7	codespace(<0000> <FFFF>)+twoByteEntry(<0020> <0020>)=2	0	0	0	gs@460
234	true	5	5	4	codespace(<0000> <FFFF>)+twoByteEntry(<0020> <0020>)=1	0	0	0	gs@460
235	true	6	6	4	codespace(<0000> <FFFF>)+twoByteEntry(<0020> <0020>)=2	0	0	0	gs@460
236	true	4	4	3	codespace(<0000> <FFFF>)+twoByteEntry(<0020> <0020>)=1	0	0	0	gs@460
237	true	4	4	3	codespace(<0000> <FFFF>)+twoByteEntry(<0020> <0020>)=1	0	0	0	gs@460
238	true	4	4	3	codespace(<0000> <FFFF>)+twoByteEntry(<0020> <0020>)=1	0	0	0	gs@460
239	true	4	4	3	codespace(<0000> <FFFF>)+twoByteEntry(<0020> <0020>)=1	0	0	0	gs@460
240	true	4	4	3	codespace(<0000> <FFFF>)+twoByteEntry(<0020> <0020>)=1	0	0	0	gs@460
241	true	2	2	1	codespace(<0000> <FFFF>)+twoByteEntry(<0020> <0020>)=1	0	0	0	gs@460
242	true	4	4	3	codespace(<0000> <FFFF>)+twoByteEntry(<0020> <0020>)=1	0	0	0	gs@460
243	true	4	4	3	codespace(<0000> <FFFF>)+twoByteEntry(<0020> <0020>)=1	0	0	0	gs@460
244	true	1	1	0	codespace(<0000> <FFFF>)+twoByteEntry(<0020> <0020>)=1	0	0	0	gs@460
245	true	4	4	3	codespace(<0000> <FFFF>)+twoByteEntry(<0020> <0020>)=1	0	0	0	gs@460
246	true	5	5	3	codespace(<0000> <FFFF>)+twoByteEntry(<0020> <0020>)=2	0	0	0	gs@460
247	true	5	5	4	codespace(<0000> <FFFF>)+twoByteEntry(<0020> <0020>)=1	0	0	0	gs@460
248	true	3	3	2	codespace(<0000> <FFFF>)+twoByteEntry(<0020> <0020>)=1	0	0	0	gs@460
249	true	3	3	2	codespace(<0000> <FFFF>)+twoByteEntry(<0020> <0020>)=1	0	0	0	gs@460
250	true	10	10	6	codespace(<0000> <FFFF>)+twoByteEntry(<0020> <0020>)=4	0	0	0	gs@460
251	true	9	9	6	codespace(<0000> <FFFF>)+twoByteEntry(<0020> <0020>)=3	0	0	0	gs@460
252	true	5	5	2	codespace(<0000> <FFFF>)+twoByteEntry(<0020> <0020>)=3	0	0	0	gs@460
253	true	6	6	4	codespace(<0000> <FFFF>)+twoByteEntry(<0020> <0020>)=2	0	0	0	gs@460
254	true	9	9	6	codespace(<0000> <FFFF>)+twoByteEntry(<0020> <0020>)=3	0	0	0	gs@460
255	true	8	8	3	codespace(<0000> <FFFF>)+twoByteEntry(<0020> <0020>)=5	0	0	0	gs@460
256	true	1	1	0	codespace(<0000> <FFFF>)+twoByteEntry(<0020> <0020>)=1	0	0	0	gs@460
257	true	4	4	3	codespace(<0000> <FFFF>)+twoByteEntry(<0020> <0020>)=1	0	0	0	gs@460
258	true	6	6	4	codespace(<0000> <FFFF>)+twoByteEntry(<0020> <0020>)=2	0	0	0	gs@460
259	true	6	6	3	codespace(<0000> <FFFF>)+twoByteEntry(<0020> <0020>)=3	0	0	0	gs@460
260	true	6	6	4	codespace(<0000> <FFFF>)+twoByteEntry(<0020> <0020>)=2	0	0	0	gs@460
261	true	4	4	3	codespace(<0000> <FFFF>)+twoByteEntry(<0020> <0020>)=1	0	0	0	gs@460
262	true	6	6	3	codespace(<0000> <FFFF>)+twoByteEntry(<0020> <0020>)=3	0	0	0	gs@460
263	true	8	8	5	codespace(<0000> <FFFF>)+twoByteEntry(<0020> <0020>)=3	0	0	0	gs@460
264	true	7	7	5	codespace(<0000> <FFFF>)+twoByteEntry(<0020> <0020>)=2	0	0	0	gs@460
265	true	6	6	3	codespace(<0000> <FFFF>)+twoByteEntry(<0020> <0020>)=3	0	0	0	gs@460
266	true	5	5	3	codespace(<0000> <FFFF>)+twoByteEntry(<0020> <0020>)=2	0	0	0	gs@460
267	true	5	5	3	codespace(<0000> <FFFF>)+twoByteEntry(<0020> <0020>)=2	0	0	0	gs@460
268	true	6	6	4	codespace(<0000> <FFFF>)+twoByteEntry(<0020> <0020>)=2	0	0	0	gs@460
269	true	4	4	3	codespace(<0000> <FFFF>)+twoByteEntry(<0020> <0020>)=1	0	0	0	gs@460
270	true	6	6	4	codespace(<0000> <FFFF>)+twoByteEntry(<0020> <0020>)=2	0	0	0	gs@460
271	true	6	6	4	codespace(<0000> <FFFF>)+twoByteEntry(<0020> <0020>)=2	0	0	0	gs@460
272	true	3	3	2	codespace(<0000> <FFFF>)+twoByteEntry(<0020> <0020>)=1	0	0	0	gs@460
273	true	3	3	2	codespace(<0000> <FFFF>)+twoByteEntry(<0020> <0020>)=1	0	0	0	gs@460
274	true	5	5	3	codespace(<0000> <FFFF>)+twoByteEntry(<0020> <0020>)=2	0	0	0	gs@460
275	true	4	4	3	codespace(<0000> <FFFF>)+twoByteEntry(<0020> <0020>)=1	0	0	0	gs@460
276	true	7	7	5	codespace(<0000> <FFFF>)+twoByteEntry(<0020> <0020>)=2	0	0	0	gs@460
277	true	8	8	5	codespace(<0000> <FFFF>)+twoByteEntry(<0020> <0020>)=3	0	0	0	gs@460
278	true	7	7	4	codespace(<0000> <FFFF>)+twoByteEntry(<0020> <0020>)=3	0	0	0	gs@460
279	true	9	9	6	codespace(<0000> <FFFF>)+twoByteEntry(<0020> <0020>)=3	0	0	0	gs@460
280	true	7	7	4	codespace(<0000> <FFFF>)+twoByteEntry(<0020> <0020>)=3	0	0	0	gs@460
281	true	9	9	6	codespace(<0000> <FFFF>)+twoByteEntry(<0020> <0020>)=3	0	0	0	gs@460
282	true	8	8	6	codespace(<0000> <FFFF>)+twoByteEntry(<0020> <0020>)=2	0	0	0	gs@460
283	true	9	9	6	codespace(<0000> <FFFF>)+twoByteEntry(<0020> <0020>)=3	0	0	0	gs@460
284	true	5	5	3	codespace(<0000> <FFFF>)+twoByteEntry(<0020> <0020>)=2	0	0	0	gs@460
285	true	4	4	3	codespace(<0000> <FFFF>)+twoByteEntry(<0020> <0020>)=1	0	0	0	gs@460
286	false	6	6	5	codespace(<0000> <FFFF>)+twoByteEntry(<0020> <0020>)=1	0	0	0	gs@460
287	true	4	4	3	codespace(<0000> <FFFF>)+twoByteEntry(<0020> <0020>)=1	0	0	0	gs@460
288	false	5	5	4	codespace(<0000> <FFFF>)+twoByteEntry(<0020> <0020>)=1	0	0	0	gs@460
289	true	8	8	5	codespace(<0000> <FFFF>)+twoByteEntry(<0020> <0020>)=3	0	0	0	gs@460
290	true	8	8	5	codespace(<0000> <FFFF>)+twoByteEntry(<0020> <0020>)=3	0	0	0	gs@460
291	true	4	4	3	codespace(<0000> <FFFF>)+twoByteEntry(<0020> <0020>)=1	0	0	0	gs@460
292	true	4	4	3	codespace(<0000> <FFFF>)+twoByteEntry(<0020> <0020>)=1	0	0	0	gs@460
293	true	7	7	4	codespace(<0000> <FFFF>)+twoByteEntry(<0020> <0020>)=3	0	0	0	gs@460
294	true	4	4	3	codespace(<0000> <FFFF>)+twoByteEntry(<0020> <0020>)=1	0	0	0	gs@460
295	true	5	5	4	codespace(<0000> <FFFF>)+twoByteEntry(<0020> <0020>)=1	0	0	0	gs@460
296	true	7	7	4	codespace(<0000> <FFFF>)+twoByteEntry(<0020> <0020>)=3	0	0	0	gs@460
297	true	4	4	3	codespace(<0000> <FFFF>)+twoByteEntry(<0020> <0020>)=1	0	0	0	gs@460
298	true	6	6	4	codespace(<0000> <FFFF>)+twoByteEntry(<0020> <0020>)=2	0	0	0	gs@460
299	true	4	4	3	codespace(<0000> <FFFF>)+twoByteEntry(<0020> <0020>)=1	0	0	0	gs@460
300	true	6	6	4	codespace(<0000> <FFFF>)+twoByteEntry(<0020> <0020>)=2	0	0	0	gs@460
301	true	3	3	2	codespace(<0000> <FFFF>)+twoByteEntry(<0020> <0020>)=1	0	0	0	gs@460
302	false	6	6	4	codespace(<0000> <FFFF>)+twoByteEntry(<0020> <0020>)=2	0	0	0	gs@460
303	true	9	9	6	codespace(<0000> <FFFF>)+twoByteEntry(<0020> <0020>)=3	0	0	0	gs@460
304	true	5	5	4	codespace(<0000> <FFFF>)+twoByteEntry(<0020> <0020>)=1	0	0	0	gs@460
305	true	6	6	4	codespace(<0000> <FFFF>)+twoByteEntry(<0020> <0020>)=2	0	0	0	gs@460
306	true	6	6	4	codespace(<0000> <FFFF>)+twoByteEntry(<0020> <0020>)=2	0	0	0	gs@460
307	true	6	6	5	codespace(<0000> <FFFF>)+twoByteEntry(<0020> <0020>)=1	0	0	0	gs@460
308	true	6	6	5	codespace(<0000> <FFFF>)+twoByteEntry(<0020> <0020>)=1	0	0	0	gs@460
309	true	4	4	3	codespace(<0000> <FFFF>)+twoByteEntry(<0020> <0020>)=1	0	0	0	gs@460
310	true	1	1	0	codespace(<0000> <FFFF>)+twoByteEntry(<0020> <0020>)=1	0	0	0	gs@460
311	true	4	4	3	codespace(<0000> <FFFF>)+twoByteEntry(<0020> <0020>)=1	0	0	0	gs@460
312	true	4	4	3	codespace(<0000> <FFFF>)+twoByteEntry(<0020> <0020>)=1	0	0	0	gs@460
313	true	6	6	4	codespace(<0000> <FFFF>)+twoByteEntry(<0020> <0020>)=2	0	0	0	gs@460
314	true	5	5	3	codespace(<0000> <FFFF>)+twoByteEntry(<0020> <0020>)=2	0	0	0	gs@460
315	true	3	3	2	codespace(<0000> <FFFF>)+twoByteEntry(<0020> <0020>)=1	0	0	0	gs@460
316	true	3	3	2	codespace(<0000> <FFFF>)+twoByteEntry(<0020> <0020>)=1	0	0	0	gs@460
317	true	8	8	5	codespace(<0000> <FFFF>)+twoByteEntry(<0020> <0020>)=3	0	0	0	gs@460
318	true	6	6	4	codespace(<0000> <FFFF>)+twoByteEntry(<0020> <0020>)=2	0	0	0	gs@460
319	true	3	3	2	codespace(<0000> <FFFF>)+twoByteEntry(<0020> <0020>)=1	0	0	0	gs@460
320	true	3	3	2	codespace(<0000> <FFFF>)+twoByteEntry(<0020> <0020>)=1	0	0	0	gs@460
321	true	7	7	5	codespace(<0000> <FFFF>)+twoByteEntry(<0020> <0020>)=2	0	0	0	gs@460
322	true	3	3	2	codespace(<0000> <FFFF>)+twoByteEntry(<0020> <0020>)=1	0	0	0	gs@460
323	true	5	5	3	codespace(<0000> <FFFF>)+twoByteEntry(<0020> <0020>)=2	0	0	0	gs@460
324	true	5	5	3	codespace(<0000> <FFFF>)+twoByteEntry(<0020> <0020>)=2	0	0	0	gs@460
325	true	4	4	3	codespace(<0000> <FFFF>)+twoByteEntry(<0020> <0020>)=1	0	0	0	gs@460
326	true	4	4	3	codespace(<0000> <FFFF>)+twoByteEntry(<0020> <0020>)=1	0	0	0	gs@460
327	true	3	3	2	codespace(<0000> <FFFF>)+twoByteEntry(<0020> <0020>)=1	0	0	0	gs@460
328	true	4	4	3	codespace(<0000> <FFFF>)+twoByteEntry(<0020> <0020>)=1	0	0	0	gs@460
329	true	5	5	4	codespace(<0000> <FFFF>)+twoByteEntry(<0020> <0020>)=1	0	0	0	gs@460
330	true	3	3	2	codespace(<0000> <FFFF>)+twoByteEntry(<0020> <0020>)=1	0	0	0	gs@460
331	true	5	5	4	codespace(<0000> <FFFF>)+twoByteEntry(<0020> <0020>)=1	0	0	0	gs@460
332	true	3	3	2	codespace(<0000> <FFFF>)+twoByteEntry(<0020> <0020>)=1	0	0	0	gs@460
333	true	5	5	4	codespace(<0000> <FFFF>)+twoByteEntry(<0020> <0020>)=1	0	0	0	gs@460
334	true	3	3	2	codespace(<0000> <FFFF>)+twoByteEntry(<0020> <0020>)=1	0	0	0	gs@460
335	true	4	4	3	codespace(<0000> <FFFF>)+twoByteEntry(<0020> <0020>)=1	0	0	0	gs@460
336	true	5	5	4	codespace(<0000> <FFFF>)+twoByteEntry(<0020> <0020>)=1	0	0	0	gs@460
337	true	6	6	4	codespace(<0000> <FFFF>)+twoByteEntry(<0020> <0020>)=2	0	0	0	gs@460
338	true	4	4	3	codespace(<0000> <FFFF>)+twoByteEntry(<0020> <0020>)=1	0	0	0	gs@460
339	true	5	5	4	codespace(<0000> <FFFF>)+twoByteEntry(<0020> <0020>)=1	0	0	0	gs@460
340	true	6	6	5	codespace(<0000> <FFFF>)+twoByteEntry(<0020> <0020>)=1	0	0	0	gs@460
341	true	7	7	5	codespace(<0000> <FFFF>)+twoByteEntry(<0020> <0020>)=2	0	0	0	gs@460
342	true	6	6	5	codespace(<0000> <FFFF>)+twoByteEntry(<0020> <0020>)=1	0	0	0	gs@460
343	true	6	6	4	codespace(<0000> <FFFF>)+twoByteEntry(<0020> <0020>)=2	0	0	0	gs@460
344	true	5	5	4	codespace(<0000> <FFFF>)+twoByteEntry(<0020> <0020>)=1	0	0	0	gs@460
345	true	4	4	3	codespace(<0000> <FFFF>)+twoByteEntry(<0020> <0020>)=1	0	0	0	gs@460
346	true	6	6	5	codespace(<0000> <FFFF>)+twoByteEntry(<0020> <0020>)=1	0	0	0	gs@460
347	true	6	6	4	codespace(<0000> <FFFF>)+twoByteEntry(<0020> <0020>)=2	0	0	0	gs@460
348	true	7	7	5	codespace(<0000> <FFFF>)+twoByteEntry(<0020> <0020>)=2	0	0	0	gs@460
349	true	6	6	5	codespace(<0000> <FFFF>)+twoByteEntry(<0020> <0020>)=1	0	0	0	gs@460
350	true	6	6	4	codespace(<0000> <FFFF>)+twoByteEntry(<0020> <0020>)=2	0	0	0	gs@460
351	true	9	9	6	codespace(<0000> <FFFF>)+twoByteEntry(<0020> <0020>)=3	0	0	0	gs@460
352	true	6	6	5	codespace(<0000> <FFFF>)+twoByteEntry(<0020> <0020>)=1	0	0	0	gs@460
353	true	7	7	5	codespace(<0000> <FFFF>)+twoByteEntry(<0020> <0020>)=2	0	0	0	gs@460
354	true	4	4	3	codespace(<0000> <FFFF>)+twoByteEntry(<0020> <0020>)=1	0	0	0	gs@460
355	true	6	6	4	codespace(<0000> <FFFF>)+twoByteEntry(<0020> <0020>)=2	0	0	0	gs@460
356	true	6	6	4	codespace(<0000> <FFFF>)+twoByteEntry(<0020> <0020>)=2	0	0	0	gs@460
357	true	6	6	4	codespace(<0000> <FFFF>)+twoByteEntry(<0020> <0020>)=2	0	0	0	gs@460
358	true	5	5	4	codespace(<0000> <FFFF>)+twoByteEntry(<0020> <0020>)=1	0	0	0	gs@460
359	true	8	8	5	codespace(<0000> <FFFF>)+twoByteEntry(<0020> <0020>)=3	0	0	0	gs@460
360	true	5	5	4	codespace(<0000> <FFFF>)+twoByteEntry(<0020> <0020>)=1	0	0	0	gs@460
361	true	6	6	4	codespace(<0000> <FFFF>)+twoByteEntry(<0020> <0020>)=2	0	0	0	gs@460
362	true	4	4	3	codespace(<0000> <FFFF>)+twoByteEntry(<0020> <0020>)=1	0	0	0	gs@460
363	true	5	5	3	codespace(<0000> <FFFF>)+twoByteEntry(<0020> <0020>)=2	0	0	0	gs@460
364	true	3	3	3	-	0	0	0	Tc@452
365	true	3	3	3	-	0	0	0	gs@460
366	true	6	6	5	codespace(<0000> <FFFF>)+twoByteEntry(<0020> <0020>)=1	0	0	0	gs@460
367	true	7	7	6	codespace(<0000> <FFFF>)+twoByteEntry(<0020> <0020>)=1	0	0	0	gs@460
368	true	6	6	5	codespace(<0000> <FFFF>)+twoByteEntry(<0020> <0020>)=1	0	0	0	gs@460
369	true	5	5	4	codespace(<0000> <FFFF>)+twoByteEntry(<0020> <0020>)=1	0	0	0	gs@460
370	true	4	4	3	codespace(<0000> <FFFF>)+twoByteEntry(<0020> <0020>)=1	0	0	0	gs@460
371	true	7	7	5	codespace(<0000> <FFFF>)+twoByteEntry(<0020> <0020>)=2	0	0	0	gs@460
372	true	4	4	3	codespace(<0000> <FFFF>)+twoByteEntry(<0020> <0020>)=1	0	0	0	gs@460
373	true	3	3	2	codespace(<0000> <FFFF>)+twoByteEntry(<0020> <0020>)=1	0	0	0	gs@460
374	true	3	3	2	codespace(<0000> <FFFF>)+twoByteEntry(<0020> <0020>)=1	0	0	0	gs@460
375	true	1	1	0	codespace(<0000> <FFFF>)+twoByteEntry(<0020> <0020>)=1	0	0	0	gs@460
376	true	5	5	4	codespace(<0000> <FFFF>)+twoByteEntry(<0020> <0020>)=1	0	0	0	gs@460
377	true	5	5	4	codespace(<0000> <FFFF>)+twoByteEntry(<0020> <0020>)=1	0	0	0	gs@460
378	true	4	4	3	codespace(<0000> <FFFF>)+twoByteEntry(<0020> <0020>)=1	0	0	0	gs@460
379	true	4	4	3	codespace(<0000> <FFFF>)+twoByteEntry(<0020> <0020>)=1	0	0	0	gs@460
380	true	3	3	2	codespace(<0000> <FFFF>)+twoByteEntry(<0020> <0020>)=1	0	0	0	gs@460
381	true	4	4	3	codespace(<0000> <FFFF>)+twoByteEntry(<0020> <0020>)=1	0	0	0	gs@460
382	true	5	5	4	codespace(<0000> <FFFF>)+twoByteEntry(<0020> <0020>)=1	0	0	0	gs@460
383	true	7	7	5	codespace(<0000> <FFFF>)+twoByteEntry(<0020> <0020>)=2	0	0	0	gs@460
384	true	6	6	4	codespace(<0000> <FFFF>)+twoByteEntry(<0020> <0020>)=2	0	0	0	gs@460
385	true	3	3	2	codespace(<0000> <FFFF>)+twoByteEntry(<0020> <0020>)=1	0	0	0	gs@460
386	true	5	5	4	codespace(<0000> <FFFF>)+twoByteEntry(<0020> <0020>)=1	0	0	0	gs@460
387	true	1	1	0	codespace(<0000> <FFFF>)+twoByteEntry(<0020> <0020>)=1	0	0	0	gs@460
388	true	4	4	3	codespace(<0000> <FFFF>)+twoByteEntry(<0020> <0020>)=1	0	0	0	gs@460
389	true	4	4	3	codespace(<0000> <FFFF>)+twoByteEntry(<0020> <0020>)=1	0	0	0	gs@460
390	true	4	4	3	codespace(<0000> <FFFF>)+twoByteEntry(<0020> <0020>)=1	0	0	0	gs@460
391	true	6	6	4	codespace(<0000> <FFFF>)+twoByteEntry(<0020> <0020>)=2	0	0	0	gs@460
392	true	6	6	4	codespace(<0000> <FFFF>)+twoByteEntry(<0020> <0020>)=2	0	0	0	gs@460
393	true	8	8	6	codespace(<0000> <FFFF>)+twoByteEntry(<0020> <0020>)=2	0	0	0	gs@460
394	true	7	7	6	codespace(<0000> <FFFF>)+twoByteEntry(<0020> <0020>)=1	0	0	0	gs@460
395	true	6	6	4	codespace(<0000> <FFFF>)+twoByteEntry(<0020> <0020>)=2	0	0	0	gs@460
396	true	6	6	4	codespace(<0000> <FFFF>)+twoByteEntry(<0020> <0020>)=2	0	0	0	gs@460
397	true	10	10	6	codespace(<0000> <FFFF>)+twoByteEntry(<0020> <0020>)=4	0	0	0	gs@460
398	true	9	9	6	codespace(<0000> <FFFF>)+twoByteEntry(<0020> <0020>)=3	0	0	0	gs@460
399	true	4	4	3	codespace(<0000> <FFFF>)+twoByteEntry(<0020> <0020>)=1	0	0	0	gs@460
400	true	6	6	4	codespace(<0000> <FFFF>)+twoByteEntry(<0020> <0020>)=2	0	0	0	gs@460
401	true	7	7	5	codespace(<0000> <FFFF>)+twoByteEntry(<0020> <0020>)=2	0	0	0	gs@460
402	true	8	8	6	codespace(<0000> <FFFF>)+twoByteEntry(<0020> <0020>)=2	0	0	0	gs@460
403	true	8	8	5	codespace(<0000> <FFFF>)+twoByteEntry(<0020> <0020>)=3	0	0	0	gs@460
404	true	4	4	3	codespace(<0000> <FFFF>)+twoByteEntry(<0020> <0020>)=1	0	0	0	gs@460
405	true	4	4	3	codespace(<0000> <FFFF>)+twoByteEntry(<0020> <0020>)=1	0	0	0	gs@460
406	true	6	6	4	codespace(<0000> <FFFF>)+twoByteEntry(<0020> <0020>)=2	0	0	0	gs@460
407	true	6	6	4	codespace(<0000> <FFFF>)+twoByteEntry(<0020> <0020>)=2	0	0	0	gs@460
408	true	4	4	3	codespace(<0000> <FFFF>)+twoByteEntry(<0020> <0020>)=1	0	0	0	gs@460
409	true	6	6	4	codespace(<0000> <FFFF>)+twoByteEntry(<0020> <0020>)=2	0	0	0	gs@460
410	true	6	6	5	codespace(<0000> <FFFF>)+twoByteEntry(<0020> <0020>)=1	0	0	0	gs@460
411	true	8	8	5	codespace(<0000> <FFFF>)+twoByteEntry(<0020> <0020>)=3	0	0	0	gs@460
412	true	7	7	5	codespace(<0000> <FFFF>)+twoByteEntry(<0020> <0020>)=2	0	0	0	gs@460
413	true	6	6	4	codespace(<0000> <FFFF>)+twoByteEntry(<0020> <0020>)=2	0	0	0	gs@460
414	true	8	8	5	codespace(<0000> <FFFF>)+twoByteEntry(<0020> <0020>)=3	0	0	0	gs@460
415	true	6	6	4	codespace(<0000> <FFFF>)+twoByteEntry(<0020> <0020>)=2	0	0	0	gs@460
416	true	5	5	4	codespace(<0000> <FFFF>)+twoByteEntry(<0020> <0020>)=1	0	0	0	gs@460
417	true	6	6	5	codespace(<0000> <FFFF>)+twoByteEntry(<0020> <0020>)=1	0	0	0	gs@460
418	true	6	6	5	codespace(<0000> <FFFF>)+twoByteEntry(<0020> <0020>)=1	0	0	0	gs@460
419	true	5	5	4	codespace(<0000> <FFFF>)+twoByteEntry(<0020> <0020>)=1	0	0	0	gs@460
420	true	3	3	2	codespace(<0000> <FFFF>)+twoByteEntry(<0020> <0020>)=1	0	0	0	gs@460
421	true	3	3	2	codespace(<0000> <FFFF>)+twoByteEntry(<0020> <0020>)=1	0	0	0	gs@460
422	true	3	3	2	codespace(<0000> <FFFF>)+twoByteEntry(<0020> <0020>)=1	0	0	0	gs@460
423	true	4	4	3	codespace(<0000> <FFFF>)+twoByteEntry(<0020> <0020>)=1	0	0	0	gs@460
424	true	3	3	2	codespace(<0000> <FFFF>)+twoByteEntry(<0020> <0020>)=1	0	0	0	gs@460
425	true	5	5	4	codespace(<0000> <FFFF>)+twoByteEntry(<0020> <0020>)=1	0	0	0	gs@460
426	true	7	7	5	codespace(<0000> <FFFF>)+twoByteEntry(<0020> <0020>)=2	0	0	0	gs@460
427	true	5	5	3	codespace(<0000> <FFFF>)+twoByteEntry(<0020> <0020>)=2	0	0	0	gs@460
428	true	5	5	3	codespace(<0000> <FFFF>)+twoByteEntry(<0020> <0020>)=2	0	0	0	gs@460
429	true	7	7	4	codespace(<0000> <FFFF>)+twoByteEntry(<0020> <0020>)=3	0	0	0	gs@460
430	true	5	5	4	codespace(<0000> <FFFF>)+twoByteEntry(<0020> <0020>)=1	0	0	0	gs@460
431	true	4	4	3	codespace(<0000> <FFFF>)+twoByteEntry(<0020> <0020>)=1	0	0	0	gs@460
432	true	5	5	4	codespace(<0000> <FFFF>)+twoByteEntry(<0020> <0020>)=1	0	0	0	gs@460
433	true	5	5	3	codespace(<0000> <FFFF>)+twoByteEntry(<0020> <0020>)=2	0	0	0	gs@460
434	true	3	3	2	codespace(<0000> <FFFF>)+twoByteEntry(<0020> <0020>)=1	0	0	0	gs@460
435	true	4	4	3	codespace(<0000> <FFFF>)+twoByteEntry(<0020> <0020>)=1	0	0	0	gs@460
436	true	4	4	3	codespace(<0000> <FFFF>)+twoByteEntry(<0020> <0020>)=1	0	0	0	gs@460
437	true	6	6	4	codespace(<0000> <FFFF>)+twoByteEntry(<0020> <0020>)=2	0	0	0	gs@460
438	true	4	4	3	codespace(<0000> <FFFF>)+twoByteEntry(<0020> <0020>)=1	0	0	0	gs@460
439	true	6	6	4	codespace(<0000> <FFFF>)+twoByteEntry(<0020> <0020>)=2	0	0	0	gs@460
440	true	5	5	4	codespace(<0000> <FFFF>)+twoByteEntry(<0020> <0020>)=1	0	0	0	gs@460
441	true	6	6	4	codespace(<0000> <FFFF>)+twoByteEntry(<0020> <0020>)=2	0	0	0	gs@460
442	true	9	9	6	codespace(<0000> <FFFF>)+twoByteEntry(<0020> <0020>)=3	0	0	0	gs@460
443	true	7	7	5	codespace(<0000> <FFFF>)+twoByteEntry(<0020> <0020>)=2	0	0	0	gs@460
444	true	7	7	5	codespace(<0000> <FFFF>)+twoByteEntry(<0020> <0020>)=2	0	0	0	gs@460
445	true	6	6	5	codespace(<0000> <FFFF>)+twoByteEntry(<0020> <0020>)=1	0	0	0	gs@460
446	true	5	5	3	codespace(<0000> <FFFF>)+twoByteEntry(<0020> <0020>)=2	0	0	0	gs@460
447	true	5	5	4	codespace(<0000> <FFFF>)+twoByteEntry(<0020> <0020>)=1	0	0	0	gs@460
448	false	6	6	4	codespace(<0000> <FFFF>)+twoByteEntry(<0020> <0020>)=2	0	0	0	gs@460
449	true	6	6	5	codespace(<0000> <FFFF>)+twoByteEntry(<0020> <0020>)=1	0	0	0	gs@460
450	true	6	6	4	codespace(<0000> <FFFF>)+twoByteEntry(<0020> <0020>)=2	0	0	0	gs@460
451	true	3	3	2	codespace(<0000> <FFFF>)+twoByteEntry(<0020> <0020>)=1	0	0	0	gs@460
452	true	1	1	0	codespace(<0000> <FFFF>)+twoByteEntry(<0020> <0020>)=1	0	0	0	gs@460
453	true	2	2	1	codespace(<0000> <FFFF>)+twoByteEntry(<0020> <0020>)=1	0	0	0	gs@460
454	true	2	2	1	codespace(<0000> <FFFF>)+twoByteEntry(<0020> <0020>)=1	0	0	0	gs@460
455	true	2	2	1	codespace(<0000> <FFFF>)+twoByteEntry(<0020> <0020>)=1	0	0	0	gs@460
456	true	2	2	1	codespace(<0000> <FFFF>)+twoByteEntry(<0020> <0020>)=1	0	0	0	gs@460
457	true	2	2	1	codespace(<0000> <FFFF>)+twoByteEntry(<0020> <0020>)=1	0	0	0	gs@460
458	true	2	2	1	codespace(<0000> <FFFF>)+twoByteEntry(<0020> <0020>)=1	0	0	0	gs@460
459	true	2	2	1	codespace(<0000> <FFFF>)+twoByteEntry(<0020> <0020>)=1	0	0	0	gs@460
460	true	1	1	0	codespace(<0000> <FFFF>)+twoByteEntry(<0020> <0020>)=1	0	0	0	gs@460
461	true	5	5	4	codespace(<0000> <FFFF>)+twoByteEntry(<0020> <0020>)=1	0	0	0	gs@460
462	true	4	4	3	codespace(<0000> <FFFF>)+twoByteEntry(<0020> <0020>)=1	0	0	0	gs@460
463	true	4	4	3	codespace(<0000> <FFFF>)+twoByteEntry(<0020> <0020>)=1	0	0	0	gs@460
464	true	4	4	3	codespace(<0000> <FFFF>)+twoByteEntry(<0020> <0020>)=1	0	0	0	gs@460
465	true	4	4	3	codespace(<0000> <FFFF>)+twoByteEntry(<0020> <0020>)=1	0	0	0	gs@460
466	true	4	4	3	codespace(<0000> <FFFF>)+twoByteEntry(<0020> <0020>)=1	0	0	0	gs@460
467	true	4	4	3	codespace(<0000> <FFFF>)+twoByteEntry(<0020> <0020>)=1	0	0	0	gs@460
468	true	4	4	3	codespace(<0000> <FFFF>)+twoByteEntry(<0020> <0020>)=1	0	0	0	gs@460
469	true	4	4	3	codespace(<0000> <FFFF>)+twoByteEntry(<0020> <0020>)=1	0	0	0	gs@460
470	true	4	4	3	codespace(<0000> <FFFF>)+twoByteEntry(<0020> <0020>)=1	0	0	0	gs@460
471	true	4	4	3	codespace(<0000> <FFFF>)+twoByteEntry(<0020> <0020>)=1	0	0	0	gs@460
472	true	4	4	3	codespace(<0000> <FFFF>)+twoByteEntry(<0020> <0020>)=1	0	0	0	gs@460
473	true	6	6	4	codespace(<0000> <FFFF>)+twoByteEntry(<0020> <0020>)=2	0	0	0	gs@460
474	true	5	5	3	codespace(<0000> <FFFF>)+twoByteEntry(<0020> <0020>)=2	0	0	0	gs@460
475	true	3	3	1	codespace(<0000> <FFFF>)+twoByteEntry(<0020> <0020>)=2	0	0	0	gs@460
476	true	5	5	3	codespace(<0000> <FFFF>)+twoByteEntry(<0020> <0020>)=2	0	0	0	gs@460
477	true	5	5	2	codespace(<0000> <FFFF>)+twoByteEntry(<0020> <0020>)=3	0	0	0	gs@460
478	true	3	3	2	codespace(<0000> <FFFF>)+twoByteEntry(<0020> <0020>)=1	0	0	0	gs@460
479	true	3	3	2	codespace(<0000> <FFFF>)+twoByteEntry(<0020> <0020>)=1	0	0	0	gs@460
480	true	3	3	2	codespace(<0000> <FFFF>)+twoByteEntry(<0020> <0020>)=1	0	0	0	gs@460
481	true	4	4	2	codespace(<0000> <FFFF>)+twoByteEntry(<0020> <0020>)=2	0	0	0	gs@460
482	true	4	4	2	codespace(<0000> <FFFF>)+twoByteEntry(<0020> <0020>)=2	0	0	0	gs@460
483	true	3	3	2	codespace(<0000> <FFFF>)+twoByteEntry(<0020> <0020>)=1	0	0	0	gs@460
484	true	3	3	2	codespace(<0000> <FFFF>)+twoByteEntry(<0020> <0020>)=1	0	0	0	gs@460
485	true	4	4	2	codespace(<0000> <FFFF>)+twoByteEntry(<0020> <0020>)=2	0	0	0	gs@460
486	true	3	3	2	codespace(<0000> <FFFF>)+twoByteEntry(<0020> <0020>)=1	0	0	0	gs@460
487	true	4	4	2	codespace(<0000> <FFFF>)+twoByteEntry(<0020> <0020>)=2	0	0	0	gs@460
488	true	3	3	2	codespace(<0000> <FFFF>)+twoByteEntry(<0020> <0020>)=1	0	0	0	gs@460
489	true	4	4	2	codespace(<0000> <FFFF>)+twoByteEntry(<0020> <0020>)=2	0	0	0	gs@460
490	true	4	4	2	codespace(<0000> <FFFF>)+twoByteEntry(<0020> <0020>)=2	0	0	0	gs@460
491	true	4	4	2	codespace(<0000> <FFFF>)+twoByteEntry(<0020> <0020>)=2	0	0	0	gs@460
492	true	3	3	2	codespace(<0000> <FFFF>)+twoByteEntry(<0020> <0020>)=1	0	0	0	gs@460
493	true	4	4	2	codespace(<0000> <FFFF>)+twoByteEntry(<0020> <0020>)=2	0	0	0	gs@460
494	true	4	4	2	codespace(<0000> <FFFF>)+twoByteEntry(<0020> <0020>)=2	0	0	0	gs@460
495	true	3	3	2	codespace(<0000> <FFFF>)+twoByteEntry(<0020> <0020>)=1	0	0	0	gs@460
496	true	3	3	2	codespace(<0000> <FFFF>)+twoByteEntry(<0020> <0020>)=1	0	0	0	gs@460
497	true	4	4	2	codespace(<0000> <FFFF>)+twoByteEntry(<0020> <0020>)=2	0	0	0	gs@460
498	true	4	4	2	codespace(<0000> <FFFF>)+twoByteEntry(<0020> <0020>)=2	0	0	0	gs@460
499	true	3	3	2	codespace(<0000> <FFFF>)+twoByteEntry(<0020> <0020>)=1	0	0	0	gs@460
500	true	4	4	2	codespace(<0000> <FFFF>)+twoByteEntry(<0020> <0020>)=2	0	0	0	gs@460
501	true	3	3	2	codespace(<0000> <FFFF>)+twoByteEntry(<0020> <0020>)=1	0	0	0	gs@460
502	true	4	4	2	codespace(<0000> <FFFF>)+twoByteEntry(<0020> <0020>)=2	0	0	0	gs@460
503	true	3	3	2	codespace(<0000> <FFFF>)+twoByteEntry(<0020> <0020>)=1	0	0	0	gs@460
504	true	3	3	2	codespace(<0000> <FFFF>)+twoByteEntry(<0020> <0020>)=1	0	0	0	gs@460
505	true	4	4	2	codespace(<0000> <FFFF>)+twoByteEntry(<0020> <0020>)=2	0	0	0	gs@460
506	true	3	3	2	codespace(<0000> <FFFF>)+twoByteEntry(<0020> <0020>)=1	0	0	0	gs@460
507	true	3	3	2	codespace(<0000> <FFFF>)+twoByteEntry(<0020> <0020>)=1	0	0	0	gs@460
508	true	4	4	2	codespace(<0000> <FFFF>)+twoByteEntry(<0020> <0020>)=2	0	0	0	gs@460
509	true	3	3	2	codespace(<0000> <FFFF>)+twoByteEntry(<0020> <0020>)=1	0	0	0	gs@460
510	true	4	4	2	codespace(<0000> <FFFF>)+twoByteEntry(<0020> <0020>)=2	0	0	0	gs@460
511	true	4	4	2	codespace(<0000> <FFFF>)+twoByteEntry(<0020> <0020>)=2	0	0	0	gs@460
512	true	1	1	0	codespace(<0000> <FFFF>)+twoByteEntry(<0020> <0020>)=1	0	0	0	gs@460
513	true	4	4	1	codespace(<0000> <FFFF>)+twoByteEntry(<0020> <0020>)=3	0	0	0	gs@460
514	true	4	4	2	codespace(<0000> <FFFF>)+twoByteEntry(<0020> <0020>)=2	0	0	0	gs@460
515	true	4	4	2	codespace(<0000> <FFFF>)+twoByteEntry(<0020> <0020>)=2	0	0	0	gs@460
516	true	4	4	2	codespace(<0000> <FFFF>)+twoByteEntry(<0020> <0020>)=2	0	0	0	gs@460
517	true	3	3	1	codespace(<0000> <FFFF>)+twoByteEntry(<0020> <0020>)=2	0	0	0	gs@460
518	true	4	4	2	codespace(<0000> <FFFF>)+twoByteEntry(<0020> <0020>)=2	0	0	0	gs@460
519	true	4	4	2	codespace(<0000> <FFFF>)+twoByteEntry(<0020> <0020>)=2	0	0	0	gs@460
520	true	4	4	2	codespace(<0000> <FFFF>)+twoByteEntry(<0020> <0020>)=2	0	0	0	gs@460
521	true	3	3	1	codespace(<0000> <FFFF>)+twoByteEntry(<0020> <0020>)=2	0	0	0	gs@460
522	true	4	4	2	codespace(<0000> <FFFF>)+twoByteEntry(<0020> <0020>)=2	0	0	0	gs@460
