1	a distributed computation. Specifically, if event 𝑒must occur before	a distributed computation. Specifically, if event 𝑒 must occur before	adistributedcomputation.Specifically,ifevent@53.80-221.48/8.79/f58848 | 𝑒@223.24-226.83/8.97/f19904 | mustoccurbefore@229.53-294.04/8.79/f58848
1	As an illustration, consider two drones 𝐴and 𝐵that are cooper-	As an illustration, consider two drones 𝐴 and 𝐵 that are cooper-	Asanillustration,considertwodrones@327.92-468.35/8.88/f58848 | 𝐴@470.31-476.30/8.97/f19904 | and@478.67-492.02/8.88/f58848 | 𝐵@494.17-499.16/8.97/f19904 | thatarecooper-@501.80-559.71/8.88/f58848
1	all these checks during the execution would require that 𝐴and 𝐵	all these checks during the execution would require that 𝐴 and 𝐵	allthesechecksduringtheexecutionwouldrequirethat@317.95-526.63/9.09/f58848 | 𝐴@528.61-534.59/8.97/f19904 | and@536.97-550.65/9.09/f58848 | 𝐵@552.80-557.80/8.97/f19904
1	processes often differ. Hence, it is possible that drone 𝐴may send a	processes often differ. Hence, it is possible that drone 𝐴 may send a	processesoftendiffer.Hence,itispossiblethatdrone@317.95-507.79/8.79/f58848 | 𝐴@509.65-515.63/8.97/f19904 | maysenda@517.89-558.21/8.79/f58848
1	message at time 50 (local time of 𝐴) but it is received by 𝐵at time	message at time 50 (local time of 𝐴) but it is received by 𝐵 at time	messageattime50(localtimeof@317.95-437.78/9.00/f58848 | 𝐴@439.74-445.72/8.97/f19904 | )butitisreceivedby@445.85-522.81/9.00/f58848 | 𝐵@524.96-529.95/8.97/f19904 | attime@532.59-558.20/9.00/f58848
1	introduce two concerns: Their size of 𝑂(𝑛), where 𝑛is the number	introduce two concerns: Their size of 𝑂(𝑛), where 𝑛 is the number	introducetwoconcerns:Theirsizeof@317.95-452.28/8.83/f58848 | 𝑂@454.12-460.11/8.97/f19904 | (@461.28-464.27/8.97/f20704 | 𝑛@464.27-468.91/8.97/f19904 | )@469.23-472.21/8.97/f20704 | ,where@472.66-499.32/8.83/f58848 | 𝑛@501.20-505.85/8.97/f19904 | isthenumber@508.41-558.38/8.83/f58848
1	external observer will know that the action of 𝐴occurred before 𝐵.	external observer will know that the action of 𝐴 occurred before 𝐵.	externalobserverwillknowthattheactionof@317.95-483.15/8.81/f58848 | 𝐴@485.12-491.10/8.97/f19904 | occurredbefore@493.48-550.10/8.81/f58848 | 𝐵@552.25-557.24/8.97/f19904 | .@557.64-559.58/8.81/f58848
1	However, if 𝐴and 𝐵did not communicate then the corresponding	However, if 𝐴 and 𝐵 did not communicate then the corresponding	However,if@317.95-359.98/8.93/f58848 | 𝐴@361.95-367.93/8.97/f19904 | and@370.30-383.74/8.93/f58848 | 𝐵@385.88-390.88/8.97/f19904 | didnotcommunicatethenthecorresponding@393.52-558.21/8.93/f58848
2	𝑓 such that |𝑝𝑡.𝑒−𝑝𝑡.𝑓|< Eand 𝑒||𝑓, i.e., the events are causally	𝑓 such that |𝑝𝑡.𝑒−𝑝𝑡.𝑓|< E and 𝑒||𝑓, i.e., the events are causally	𝑓@54.25-57.06/8.97/f19904 | suchthat@61.18-95.27/9.07/f58848 | |@97.87-99.66/8.97/f20704 | 𝑝𝑡.𝑒@99.84-113.71/8.97/f19904 | −@116.32-122.03/8.97/f20704 | 𝑝𝑡.𝑓@123.84-137.67/8.97/f19904 | |@139.91-141.70/8.97/f20704 | <@144.74-150.44/8.97/f20864 | E@153.31-158.89/8.97/f20704 | and@161.68-175.32/9.07/f58848 | 𝑒@177.25-180.84/8.97/f19904 | ||@181.83-186.14/8.97/f20704 | 𝑓@186.94-189.76/8.97/f19904 | ,i.e.,theeventsarecausally@191.63-294.28/9.07/f58848
2	and 𝑔such that 𝑒 hb 𝑔and 𝑔hb 𝑓 then 𝑒 hb 𝑓	and 𝑔 such that 𝑒 hb 𝑔 and 𝑔 hb 𝑓 then 𝑒 hb 𝑓	and@342.36-355.86/8.97/f58848 | 𝑔@357.65-362.13/8.97/f19904 | suchthat@364.55-398.30/8.97/f58848 | 𝑒@400.22-403.82/8.97/f19904 | hb@406.69-416.13/8.97/f28224 | 𝑔@417.93-422.40/8.97/f19904 | and@424.82-438.32/8.97/f58848 | 𝑔@440.11-444.58/8.97/f19904 | hb@447.01-456.45/8.97/f28224 | 𝑓@459.14-461.95/8.97/f19904 | then@466.07-482.59/8.97/f58848 | 𝑒@484.52-488.12/8.97/f19904 | hb@490.99-500.43/8.97/f28224 | 𝑓@503.12-505.94/8.97/f19904
2	timestamp 𝑙.𝑒to every event 𝑒. The < relation for Lamport’s logical	timestamp 𝑙.𝑒 to every event 𝑒. The < relation for Lamport’s logical	timestamp@317.95-355.70/8.79/f58848 | 𝑙.𝑒@357.34-366.07/8.97/f19904 | toeveryevent@368.76-419.70/8.79/f58848 | 𝑒@421.44-425.03/8.97/f19904 | .The@425.66-443.55/8.79/f58848 | <@445.78-451.49/8.97/f20864 | relationforLamport’slogical@453.73-558.20/8.79/f58848
2	by at most E, where Eis a parameter, i.e., ∀𝑗,𝑘 :: |𝑝𝑡.𝑗−𝑝𝑡.𝑘|≤E.	by at most E, where E is a parameter, i.e., ∀𝑗,𝑘 :: |𝑝𝑡.𝑗−𝑝𝑡.𝑘|≤E.	byatmost@317.95-355.63/8.79/f58848 | E@358.04-363.62/8.97/f20704 | ,where@364.16-390.66/8.79/f58848 | E@393.07-398.65/8.97/f20704 | isaparameter,i.e.,@401.42-468.06/8.79/f58848 | ∀@470.10-475.37/8.97/f20704 | 𝑗,𝑘@475.90-486.35/8.97/f19904 | ::@489.51-493.66/8.79/f20064 | |@496.51-498.30/8.97/f20704 | 𝑝𝑡.𝑗@498.48-512.10/8.97/f19904 | −@514.88-520.59/8.97/f20704 | 𝑝𝑡.𝑘@522.36-536.93/8.97/f19904 | |≤E@537.97-557.11/8.97/f20704 | .@557.65-559.58/8.79/f58848
3	is of the form ⟨𝑒,𝑡𝑠.𝑒⟩, where 𝑒is the event (send/receive/local) and	is of the form ⟨𝑒,𝑡𝑠.𝑒⟩, where 𝑒 is the event (send/receive/local) and	isoftheform@53.80-101.85/8.79/f58848 | ⟨@104.32-107.57/8.97/f20704 | 𝑒,𝑡𝑠.𝑒@107.26-127.05/8.97/f19904 | ⟩@127.68-130.94/8.97/f20704 | ,where@131.30-157.68/8.79/f58848 | 𝑒@159.46-163.06/8.97/f19904 | istheevent(send/receive/local)and@165.79-294.05/8.79/f58848
3	Note that both these outcomes are undesirable, as 𝐴should occur	Note that both these outcomes are undesirable, as 𝐴 should occur	Notethatboththeseoutcomesareundesirable,as@53.80-236.58/9.01/f58848 | 𝐴@238.55-244.53/8.97/f19904 | shouldoccur@246.90-294.21/9.01/f58848
3	before 𝐵based on the causality (happened-before) relation.	before 𝐵 based on the causality (happened-before) relation.	before@53.80-76.89/8.97/f58848 | 𝐵@79.04-84.03/8.97/f19904 | basedonthecausality(happened-before)relation.@86.68-269.78/8.97/f58848
3	𝐶𝐴𝐵𝐷. However, there is no option to replay 𝐵before𝐶even though	𝐶𝐴𝐵𝐷. However, there is no option to replay 𝐵 before𝐶 even though	𝐶𝐴𝐵𝐷@53.26-76.47/8.97/f19904 | .However,thereisnooptiontoreplay@77.14-210.35/8.79/f58848 | 𝐵@211.78-216.77/8.97/f19904 | before@218.69-241.31/8.79/f58848 | 𝐶@242.29-247.81/8.97/f19904 | eventhough@249.96-294.04/8.79/f58848
3	Requirement 2. If 𝑓 occurred far after 𝑒, i.e., 𝑒and 𝑓 could not	Requirement 2. If 𝑓 occurred far after 𝑒, i.e., 𝑒 and 𝑓 could not	Requirement2.@331.90-394.58/8.97/f59648 | If@400.80-406.14/8.79/f58848 | 𝑓@408.12-410.94/8.97/f19904 | occurredfarafter@414.35-475.72/8.79/f58848 | 𝑒@476.94-480.54/8.97/f19904 | ,i.e.,@481.17-496.66/8.79/f58848 | 𝑒@497.88-501.48/8.97/f19904 | and@503.64-516.87/8.79/f58848 | 𝑓@518.85-521.67/8.97/f19904 | couldnot@525.08-558.20/8.79/f58848
3	of E1 where E1 ≈Ethen 𝑒 will be replayed before 𝑓, i.e.,	of E1 where E1 ≈E then 𝑒 will be replayed before 𝑓, i.e.,	of@342.36-349.81/9.15/f58848 | E@352.61-358.19/8.97/f20704 | 1@358.37-361.75/7.27/f20064 | where@364.87-388.12/9.15/f58848 | E@390.93-396.50/8.97/f20704 | 1@396.68-400.06/7.27/f20064 | ≈E@403.90-418.69/8.97/f20704 | then@421.86-438.71/9.15/f58848 | 𝑒@441.02-444.61/8.97/f19904 | willbereplayedbefore@447.87-534.29/9.15/f58848 | 𝑓@537.35-540.17/8.97/f19904 | ,i.e.,@542.04-559.19/9.15/f58848
3	E2, where E2 ≈Ethen 𝑅𝑒𝑝𝐶𝑙.𝑒||𝑅𝑒𝑝𝐶𝑙.𝑓 (i.e., ¬(𝑅𝑒𝑝𝐶𝑙.𝑒 <	E2, where E2 ≈E then 𝑅𝑒𝑝𝐶𝑙.𝑒||𝑅𝑒𝑝𝐶𝑙.𝑓 (i.e., ¬(𝑅𝑒𝑝𝐶𝑙.𝑒 <	E@342.54-348.12/8.97/f20704 | 2@348.30-351.68/7.27/f20064 | ,where@352.18-379.01/8.90/f58848 | E@381.44-387.01/8.97/f20704 | 2@387.19-390.57/7.27/f20064 | ≈E@393.56-407.51/8.97/f20704 | then@410.30-426.71/8.90/f58848 | 𝑅𝑒𝑝𝐶𝑙.𝑒@428.76-456.85/8.97/f19904 | ||@457.83-462.14/8.97/f20704 | 𝑅𝑒𝑝𝐶𝑙.𝑓@462.32-490.38/8.97/f19904 | (i.e.,@494.49-509.32/8.90/f58848 | ¬(@511.56-520.73/8.97/f20704 | 𝑅𝑒𝑝𝐶𝑙.𝑒@520.91-548.99/8.97/f19904 | <@552.30-558.00/8.97/f20864
3	of Eitself as it can permit more efficient implementation by allow-	of E itself as it can permit more efficient implementation by allow-	of@317.95-325.16/8.85/f58848 | E@327.57-333.15/8.97/f20704 | itselfasitcanpermitmoreefficientimplementationbyallow-@335.93-559.71/8.85/f58848
3	0 < 𝐼 ≤Esuch that E= 𝜖∗𝐼, where 𝜖 is an integer. The timeline	0 < 𝐼 ≤E such that E= 𝜖∗𝐼, where 𝜖 is an integer. The timeline	0@317.95-322.20/9.12/f20064 | <@324.88-330.58/8.97/f20864 | 𝐼@333.14-335.65/8.97/f19904 | ≤E@339.40-353.62/8.97/f20704 | suchthat@356.42-390.70/9.12/f58848 | E@393.13-398.70/8.97/f20704 | =@401.75-407.06/8.97/f63872 | 𝜖@409.24-413.01/8.97/f19904 | ∗@415.65-419.87/8.97/f20704 | 𝐼@421.73-424.24/8.97/f19904 | ,where@425.23-452.67/9.12/f58848 | 𝜖@454.60-458.37/8.97/f19904 | isaninteger.Thetimeline@461.26-558.20/9.12/f58848
4	sage 𝑚with timestamp ⟨𝑚𝑥.𝑚,offset.𝑚[],counter.𝑚[]⟩.	sage 𝑚 with timestamp ⟨𝑚𝑥.𝑚,offset.𝑚[],counter.𝑚[]⟩.	sage@53.80-69.88/8.97/f58848 | 𝑚@71.56-78.58/8.97/f19904 | withtimestamp@81.14-138.68/8.97/f58848 | ⟨@141.28-144.54/8.97/f20704 | 𝑚𝑥.𝑚,@143.97-166.84/8.97/f19904 | offset@168.43-195.33/8.97/f64512 | .𝑚@195.47-204.05/8.97/f19904 | []@204.90-211.14/8.97/f20704 | ,@211.41-213.38/8.97/f19904 | counter@214.97-246.35/8.97/f64512 | .𝑚@246.49-255.07/8.97/f19904 | []⟩@255.93-265.96/8.97/f20704 | .@266.32-268.29/8.97/f58848
4	the same epoch, counter.𝑗.𝑗 is incremented by 1. If only 𝑚and 𝑓	the same epoch, counter.𝑗.𝑗 is incremented by 1. If only 𝑚 and 𝑓	thesameepoch,@317.95-377.17/9.04/f58848 | counter@379.41-410.80/8.97/f64512 | .𝑗.𝑗@410.94-422.25/8.97/f19904 | isincrementedby@425.32-491.06/9.04/f58848 | 1@493.30-497.50/9.04/f20064 | .Ifonly@497.50-525.96/9.04/f58848 | 𝑚@527.64-534.66/8.97/f19904 | and@537.22-550.82/9.04/f58848 | 𝑓@553.51-556.33/8.97/f19904
4	are in the same epoch, counter.𝑗is set to counter.𝑚and the value	are in the same epoch, counter.𝑗 is set to counter.𝑚 and the value	areinthesameepoch,@317.95-397.35/8.79/f58848 | counter@399.33-430.71/8.97/f64512 | .𝑗@430.85-436.02/8.97/f19904 | issetto@438.83-465.93/8.79/f58848 | counter@467.90-499.28/8.97/f64512 | .𝑚@499.43-508.01/8.97/f19904 | andthevalue@510.30-558.20/8.79/f58848
4	Let 𝑚be the message that was received	Let 𝑚 be the message that was received	Let@333.20-344.77/8.97/f58848 | 𝑚@346.45-353.47/8.97/f19904 | bethemessagethatwasreceived@356.03-477.57/8.97/f58848
4	will be as shown in Figure 3. Here, event 𝐴has physical time of 50.	will be as shown in Figure 3. Here, event 𝐴 has physical time of 50.	willbeasshowninFigure3.Here,event@317.62-464.60/8.85/f58848 | 𝐴@466.57-472.55/8.97/f19904 | hasphysicaltimeof@474.92-547.17/8.85/f58848 | 50@549.40-557.64/8.85/f20064 | .@557.64-559.58/8.85/f58848
4	is 0. When event 𝐵is created upon receiving message 𝑚1, process	is 0. When event 𝐵 is created upon receiving message 𝑚1, process	is@317.95-323.88/8.97/f58848 | 0@326.13-330.30/8.97/f20064 | .Whenevent@330.30-379.01/8.97/f58848 | 𝐵@381.17-386.17/8.97/f19904 | iscreateduponreceivingmessage@388.82-513.74/8.97/f58848 | 𝑚@515.43-522.45/8.97/f19904 | 1@522.76-526.15/7.27/f20064 | ,process@526.64-558.21/8.97/f58848
5	determine if < relation holds between 𝑅𝑒𝑝𝐶𝑙.𝑒and 𝑅𝑒𝑝𝐶𝑙.𝑓. Finally,	determine if < relation holds between 𝑅𝑒𝑝𝐶𝑙.𝑒 and 𝑅𝑒𝑝𝐶𝑙.𝑓. Finally,	determineif@53.80-97.13/8.79/f58848 | <@99.18-104.89/8.97/f20864 | relationholdsbetween@106.95-188.14/8.79/f58848 | 𝑅𝑒𝑝𝐶𝑙.𝑒@189.82-217.89/8.97/f19904 | and@220.40-233.62/8.79/f58848 | 𝑅𝑒𝑝𝐶𝑙.𝑓@235.31-263.37/8.97/f19904 | .Finally,@265.24-295.03/8.79/f58848
5	well. In this case, 𝑗will learn about the clock of a process 𝑘via such	well. In this case, 𝑗 will learn about the clock of a process 𝑘 via such	well.Inthiscase,@317.62-378.20/8.79/f58848 | 𝑗@380.89-383.22/8.97/f19904 | willlearnabouttheclockofaprocess@386.02-520.26/8.79/f58848 | 𝑘@521.87-526.23/8.97/f19904 | viasuch@528.88-558.20/8.79/f58848
5	messages. Additionally, 𝑗will also learn about the clock of a process	messages. Additionally, 𝑗 will also learn about the clock of a process	messages.Additionally,@317.95-401.41/8.79/f58848 | 𝑗@403.97-406.29/8.97/f19904 | willalsolearnabouttheclockofaprocess@408.95-558.20/8.79/f58848
6	guarantee of 1.1𝑚𝑠will be replayed only in one order. Additionally,	guarantee of 1.1𝑚𝑠 will be replayed only in one order. Additionally,	guaranteeof@53.80-98.93/8.79/f58848 | 1@101.09-105.17/8.79/f20064 | .@105.31-107.29/8.97/f19904 | 1@107.44-111.53/8.79/f20064 | 𝑚𝑠@110.96-121.10/8.97/f19904 | willbereplayedonlyinoneorder.Additionally,@123.89-295.03/8.79/f58848
6	efficient computation. As written, 𝑅𝑒𝑝𝐶𝑙will require 2𝑛+1 integers.	efficient computation. As written, 𝑅𝑒𝑝𝐶𝑙 will require 2𝑛+1 integers.	efficientcomputation.Aswritten,@53.80-173.54/8.79/f58848 | 𝑅𝑒𝑝𝐶𝑙@175.25-196.97/8.97/f19904 | willrequire@199.66-240.92/8.79/f58848 | 2@242.81-246.89/8.79/f20064 | 𝑛@246.53-251.18/8.97/f19904 | +@252.54-257.60/8.97/f20704 | 1@258.65-262.74/8.79/f20064 | integers.@264.63-295.43/8.79/f58848
6	using 𝑂(𝑥)time where 𝑥is the number of bits set to 1 in the bitmap.	using 𝑂(𝑥)time where 𝑥 is the number of bits set to 1 in the bitmap.	using@53.80-73.43/8.79/f58848 | 𝑂@74.92-80.91/8.97/f19904 | (@82.08-85.06/8.97/f20704 | 𝑥@85.15-89.41/8.97/f19904 | )@90.21-93.20/8.97/f20704 | timewhere@95.54-135.80/8.79/f58848 | 𝑥@137.42-141.68/8.97/f19904 | isthenumberofbitssetto@144.37-238.35/8.79/f58848 | 1@240.24-244.33/8.79/f20064 | inthebitmap.@246.22-295.42/8.79/f58848
6	As demonstrated in Section 5, the overhead of 𝑅𝑒𝑝𝐶𝑙depends upon	As demonstrated in Section 5, the overhead of 𝑅𝑒𝑝𝐶𝑙 depends upon	AsdemonstratedinSection5,theoverheadof@317.64-481.68/8.79/f58848 | 𝑅𝑒𝑝𝐶𝑙@483.54-505.27/8.97/f19904 | dependsupon@508.12-558.20/8.79/f58848
6	with a given process in the Etime. In other words, the system	with a given process in the E time. In other words, the system	withagivenprocessinthe@317.62-421.77/9.15/f58848 | E@424.96-430.54/8.97/f20704 | time.Inotherwords,thesystem@434.10-558.21/9.15/f58848
6	𝛿. Clock skew of Eis enforced by ensuring that a process advances	𝛿. Clock skew of E is enforced by ensuring that a process advances	𝛿@317.64-321.68/8.97/f19904 | .Clockskewof@322.41-377.09/8.79/f58848 | E@379.44-385.02/8.97/f20704 | isenforcedbyensuringthataprocessadvances@387.73-558.21/8.79/f58848
7	Figure 5: 𝜏 vs Ewhen varying 𝐼, 𝛿= 8𝜇𝑠.	Figure 5: 𝜏 vs E when varying 𝐼, 𝛿= 8𝜇𝑠.	Figure5:@226.88-261.98/8.97/f59648 | 𝜏@263.82-267.50/8.97/f19904 | vs@270.53-279.10/8.97/f59648 | E@281.52-287.10/8.97/f20704 | whenvarying@289.88-345.89/8.97/f59648 | 𝐼@348.00-350.51/8.97/f19904 | ,@351.49-353.68/8.97/f59648 | 𝛿@355.61-359.64/8.97/f19904 | =@362.87-368.18/8.97/f63872 | 8@370.67-374.84/8.97/f20064 | 𝜇𝑠@374.97-382.30/8.97/f19904 | .@382.93-385.12/8.97/f59648
7	its clock only if it will keep the clocks to be within Einterval. We	its clock only if it will keep the clocks to be within E interval. We	itsclockonlyifitwillkeeptheclockstobewithin@53.80-238.72/8.97/f58848 | E@241.13-246.71/8.97/f20704 | interval.We@249.50-294.04/8.97/f58848
7	𝛼,𝛿,Eand 𝐼.	𝛼,𝛿,E and 𝐼.	𝛼,𝛿,@53.57-68.47/8.97/f19904 | E@70.23-75.81/8.97/f20704 | and@78.60-92.09/8.97/f58848 | 𝐼@94.20-96.71/8.97/f19904 | .@97.70-99.67/8.97/f58848
7	In this section, we measure the trends in Ewhile varying the other	In this section, we measure the trends in E while varying the other	Inthissection,wemeasurethetrendsin@53.80-198.75/8.79/f58848 | E@201.09-206.67/8.97/f20704 | whilevaryingtheother@209.38-294.21/8.79/f58848
7	parameter pair-wise with Eto see the effect of the parameter on	parameter pair-wise with E to see the effect of the parameter on	parameterpair-wisewith@53.80-148.55/9.15/f58848 | E@151.00-156.58/8.97/f20704 | toseetheeffectoftheparameteron@159.41-294.05/9.15/f58848
7	and 𝜎 change with E. (1) In case of 𝜏 vs Ecurve, we notice that	and 𝜎 change with E. (1) In case of 𝜏 vs E curve, we notice that	and@53.80-67.56/9.15/f58848 | 𝜎@69.92-74.59/8.97/f19904 | changewith@77.89-124.23/9.15/f58848 | E@126.99-132.57/8.97/f20704 | .(1)Incaseof@133.12-186.03/9.15/f58848 | 𝜏@188.21-191.89/8.97/f19904 | vs@195.26-203.37/9.15/f58848 | E@206.13-211.71/8.97/f20704 | curve,wenoticethat@214.84-294.04/9.15/f58848
7	of Eincreases, 𝜏 increases with it. This is true for all values of	of E increases, 𝜏 increases with it. This is true for all values of	of@53.80-61.24/9.15/f58848 | E@64.42-69.99/8.97/f20704 | increases,@73.53-109.71/9.15/f58848 | 𝜏@112.31-115.98/8.97/f19904 | increaseswithit.Thisistrueforallvaluesof@119.77-294.05/9.15/f58848
7	illustrated in Figure 5. (2) In the case of 𝜎 vs Ecurve, we see not	illustrated in Figure 5. (2) In the case of 𝜎 vs E curve, we see not	illustratedinFigure5.(2)Inthecaseof@53.80-200.25/9.15/f58848 | 𝜎@202.35-207.03/8.97/f19904 | vs@210.07-218.19/9.15/f58848 | E@220.70-226.27/8.97/f20704 | curve,weseenot@229.15-294.05/9.15/f58848
7	Since the total size of 𝑅𝑒𝑝𝐶𝑙depends upon the number of bits for	Since the total size of 𝑅𝑒𝑝𝐶𝑙 depends upon the number of bits for	Sincethetotalsizeof@327.92-402.94/8.79/f58848 | 𝑅𝑒𝑝𝐶𝑙@404.65-426.38/8.97/f19904 | dependsuponthenumberofbitsfor@429.07-558.37/8.79/f58848
7	and we identify how 𝜏 changes with E. As Eincreases, we see	and we identify how 𝜏 changes with E. As E increases, we see	andweidentifyhow@317.95-396.84/9.15/f58848 | 𝜏@399.40-403.08/8.97/f19904 | changeswith@406.83-457.12/9.15/f58848 | E@460.27-465.84/8.97/f20704 | .As@466.39-481.19/9.15/f58848 | E@484.34-489.92/8.97/f20704 | increases,wesee@493.43-558.20/9.15/f58848
7	average. We observe that higher values of 𝛿produce a lower number	average. We observe that higher values of 𝛿 produce a lower number	average.Weobservethathighervaluesof@317.95-464.34/8.79/f58848 | 𝛿@465.65-469.69/8.97/f19904 | producealowernumber@472.05-558.37/8.79/f58848
7	and would lead to processes setting other process offsets to 𝜖due to	and would lead to processes setting other process offsets to 𝜖 due to	andwouldleadtoprocessessettingotherprocessoffsetsto@317.95-527.96/8.79/f58848 | 𝜖@529.61-533.38/8.97/f19904 | dueto@535.99-558.20/8.79/f58848
7	non-receipt of messages. As the Eincreases, a process hears from	non-receipt of messages. As the E increases, a process hears from	non-receiptofmessages.Asthe@317.95-434.09/8.98/f58848 | E@436.50-442.07/8.97/f20704 | increases,aprocesshearsfrom@444.85-558.20/8.98/f58848
8	Figure 6: 𝜎 vs Ewhen varying 𝐼, 𝛿 = 8 𝜇𝑠, 𝛼 = 160 messages/s.	Figure 6: 𝜎 vs E when varying 𝐼, 𝛿 = 8 𝜇𝑠, 𝛼 = 160 messages/s.	Figure6:@53.80-88.84/8.95/f59648 | 𝜎@90.85-95.52/8.97/f19904 | vs@98.48-107.04/8.95/f59648 | E@109.46-115.04/8.97/f20704 | whenvarying@117.83-173.72/8.95/f59648 | 𝐼@175.83-178.34/8.97/f19904 | ,@179.33-181.51/8.95/f59648 | 𝛿@183.44-187.47/8.97/f19904 | =8@190.45-202.22/8.95/f59648 | 𝜇𝑠@204.60-211.92/8.97/f19904 | ,@212.56-214.74/8.95/f59648 | 𝛼@216.76-221.44/8.97/f19904 | =160messages/s.@224.45-294.00/8.95/f59648
8	processes is sporadic. As the Eincreases, 𝜏 increases linearly until	processes is sporadic. As the E increases, 𝜏 increases linearly until	processesissporadic.Asthe@53.80-156.93/8.89/f58848 | E@159.35-164.93/8.97/f20704 | increases,@167.72-202.88/8.89/f58848 | 𝜏@204.72-208.39/8.97/f19904 | increaseslinearlyuntil@211.43-294.05/8.89/f58848
8	the bound of 𝑛is reached. This is due to the same reason mentioned	the bound of 𝑛 is reached. This is due to the same reason mentioned	theboundof@53.80-98.92/8.79/f58848 | 𝑛@100.47-105.11/8.97/f19904 | isreached.Thisisduetothesamereasonmentioned@107.33-294.05/8.79/f58848
8	Figure 8: 𝜏 vs Ewhen varying 𝛼, 𝐼 = 4 𝜇𝑠, 𝛿 = 8 𝜇𝑠.	Figure 8: 𝜏 vs E when varying 𝛼, 𝐼 = 4 𝜇𝑠, 𝛿 = 8 𝜇𝑠.	Figure8:@76.88-111.98/8.97/f59648 | 𝜏@113.82-117.50/8.97/f19904 | vs@120.53-129.10/8.97/f59648 | E@131.52-137.10/8.97/f20704 | whenvarying@139.89-195.89/8.97/f59648 | 𝛼@197.91-202.59/8.97/f19904 | ,@203.36-205.54/8.97/f59648 | 𝐼@207.65-210.16/8.97/f19904 | =4@213.39-225.18/8.97/f59648 | 𝜇𝑠@227.56-234.89/8.97/f19904 | ,@235.52-237.71/8.97/f59648 | 𝛿@239.63-243.67/8.97/f19904 | =8@246.65-258.44/8.97/f59648 | 𝜇𝑠@260.81-268.15/8.97/f19904 | .@268.77-270.96/8.97/f59648
8	Varying 𝛿: Here, we fix the Eand 𝛼 and check how 𝜏 changes	Varying 𝛿: Here, we fix the E and 𝛼 and check how 𝜏 changes	Varying@63.76-95.93/8.92/f59648 | 𝛿@97.86-101.89/8.97/f19904 | :@102.63-104.91/8.92/f59648 | Here,wefixthe@109.39-167.27/8.92/f58848 | E@169.69-175.27/8.97/f20704 | and@178.06-191.48/8.92/f58848 | 𝛼@193.50-198.18/8.97/f19904 | andcheckhow@201.19-256.04/8.92/f58848 | 𝜏@257.88-261.56/8.97/f19904 | changes@264.59-294.05/8.92/f58848
8	In this section, we observe the effect of 𝛿 on 𝜏 while fixing Eand	In this section, we observe the effect of 𝛿 on 𝜏 while fixing E and	Inthissection,weobservetheeffectof@317.95-462.41/9.09/f58848 | 𝛿@464.34-468.37/8.97/f19904 | on@471.35-480.86/9.09/f58848 | 𝜏@482.69-486.37/8.97/f19904 | whilefixing@489.40-533.73/9.09/f58848 | E@536.15-541.73/8.97/f20704 | and@544.52-558.20/9.09/f58848
9	the value of 𝑛. However, it shrinks when the value of Eis increased.	the value of 𝑛. However, it shrinks when the value of E is increased.	thevalueof@53.80-95.63/8.79/f58848 | 𝑛@97.25-101.90/8.97/f19904 | .However,itshrinkswhenthevalueof@102.21-241.54/8.79/f58848 | E@243.70-249.27/8.97/f20704 | isincreased.@251.80-295.43/8.79/f58848
9	the actual value of Eis 4𝑚𝑠but the user specifies it to be 2𝑚𝑠while	the actual value of E is 4𝑚𝑠 but the user specifies it to be 2𝑚𝑠 while	theactualvalueof@53.80-119.34/8.79/f58848 | E@121.55-127.13/8.97/f20704 | is@129.71-135.52/8.79/f58848 | 4@137.56-141.64/8.79/f20064 | 𝑚𝑠@141.08-151.22/8.97/f19904 | buttheuserspecifiesittobe@153.88-255.76/8.79/f58848 | 2@257.80-261.88/8.79/f20064 | 𝑚𝑠@261.32-271.46/8.97/f19904 | while@274.12-294.05/8.79/f58848
9	quite infrequent. Hence, we anticipate that 𝑅𝑒𝑝𝐶𝑙will be applicable	quite infrequent. Hence, we anticipate that 𝑅𝑒𝑝𝐶𝑙 will be applicable	quiteinfrequent.Hence,weanticipatethat@53.80-205.86/8.79/f58848 | 𝑅𝑒𝑝𝐶𝑙@207.61-229.33/8.97/f19904 | willbeapplicable@232.06-294.05/8.79/f58848
9	if two events 𝑥and 𝑦have timestamps 𝑣ℎand 𝑣𝑘, respectively, then	if two events 𝑥 and 𝑦 have timestamps 𝑣ℎ and 𝑣𝑘, respectively, then	iftwoevents@317.95-363.90/8.79/f58848 | 𝑥@365.67-369.93/8.97/f19904 | and@372.78-386.00/8.79/f58848 | 𝑦@387.51-392.09/8.97/f19904 | havetimestamps@394.59-454.77/8.79/f58848 | 𝑣ℎ@456.59-465.10/8.97/f19904 | and@467.45-480.68/8.79/f58848 | 𝑣𝑘@482.50-490.76/8.97/f19904 | ,respectively,then@491.43-558.20/8.79/f58848
11	In this section, we discuss an application of 𝑅𝑒𝑝𝐶𝑙so as to visualize	In this section, we discuss an application of 𝑅𝑒𝑝𝐶𝑙 so as to visualize	Inthissection,wediscussanapplicationof@53.80-207.91/8.79/f58848 | 𝑅𝑒𝑝𝐶𝑙@209.74-231.46/8.97/f19904 | soastovisualize@234.28-294.04/8.79/f58848
12	Figure 15: Clock Size vs Ewhen varying 𝐼, 𝛿= 8𝜇𝑠.	Figure 15: Clock Size vs E when varying 𝐼, 𝛿= 8𝜇𝑠.	Figure15:ClockSizevs@205.65-300.33/8.97/f59648 | E@302.75-308.33/8.97/f20704 | whenvarying@311.12-367.12/8.97/f59648 | 𝐼@369.23-371.74/8.97/f19904 | ,@372.72-374.91/8.97/f59648 | 𝛿@376.84-380.88/8.97/f19904 | =@384.10-389.41/8.97/f63872 | 8@391.90-396.07/8.97/f20064 | 𝜇𝑠@396.20-403.54/8.97/f19904 | .@404.17-406.35/8.97/f59648
