2	U+2212	word	x=125	− Your fair dealing or fair use rights, or other applicable copyright exceptions and
2	U+2212	word	x=125	− The author’s moral rights;
2	U+2212	word	x=125	− Rights other persons may have either in the work itself or in how the work is used
7	U+2212	digit	x=164	− 5+ (− 3) 
7	U+2212	digit	x=206	− 8 Our Solution
7	U+2212	digit	x=164	− 7+ (− 5) 
7	U+2212	digit	x=200	− 12 Our Solution
7	U+2212	digit	x=102	− 7+ 2 
7	U+2212	digit	x=121	− 5 Our Solution
7	U+2212	digit	x=104	− 4+ 6 
8	U+2212	digit	x=127	− 3 Our Solution
8	U+2212	digit	x=187	− 4− 6 
8	U+2212	digit	x=164	− 4+ (− 6) 
8	U+2212	digit	x=200	− 10 Our Solution
8	U+2212	digit	x=93	− 6− (− 2) 
8	U+2212	digit	x=116	− 6 +2 
8	U+2212	digit	x=135	− 4 Our Solution
9	U+2212	digit	x=194	− 24 Our Solution
9	U+2212	digit	x=202	− 36
9	U+2212	digit	x=205	− 9 
9	U+2212	digit	x=191	− 2(− 6) 
9	U+2212	digit	x=187	− 3 
9	U+2212	digit	x=188	− 5 Our Solution
11	U+2212	digit	x=106	− 10
11	U+2212	digit	x=108	− 4
11	U+2212	digit	x=106	− 8
11	U+2212	digit	x=106	− 6
11	U+2212	digit	x=331	− 7
11	U+2212	digit	x=329	− 1
11	U+2212	digit	x=331	− 5
11	U+2212	digit	x=329	− 2
11	U+2212	digit	x=329	− 10
19	U+2212	digit	x=132	− 7[32− 4(32
19	U+2212	digit	x=136	− 7[32− 4(9 +1)](− 1)} 
19	U+2212	digit	x=151	− 7[32− 4(10)](− 1)} 
19	U+2212	digit	x=165	− 7[32− 40](− 1)} 
19	U+2212	digit	x=182	− 7[− 8](− 1)} 
20	U+2212	other	x=118	− (− 8)· 3
20	U+2212	other	x=156	− (− 8)| + 2|3+(− 5)2| 
21	U+2212	digit	x=146	− 16
21	U+2212	digit	x=106	− 18− 6 + (− 4)− [− 5(− 1)(− 5)]
21	U+2212	digit	x=143	− 24 ÷ 6· 2
21	U+2212	digit	x=139	− 5)] + 22
21	U+2212	digit	x=178	− 5|2
21	U+2212	digit	x=362	− 5
21	U+2212	digit	x=340	− 25| − 2· 3
21	U+2212	digit	x=389	− 32(4− 3)− 8]} + 12
21	U+2212	digit	x=465	− 5· 2 ]
22	U+2212	digit	x=173	− 6+ (− 2)(− 6)(5)(− 2) 
22	U+2212	digit	x=222	− 6 +12(5)(− 2) 
22	U+2212	digit	x=235	− 6+ 60(− 2) Multiply
22	U+2212	digit	x=256	− 6− 120 Subtract
22	U+2212	digit	x=282	− 126 Our Solution
23	U+2212	digit	x=181	− 3x +5y Our Solution
23	U+2212	digit	x=107	− 3x + 7− 2x2 +4x− 3 
23	U+2212	digit	x=357	− 2x2 and− 3x +4x and 7− 3
23	U+2212	digit	x=196	− 7(5x− 6) 
23	U+2212	digit	x=206	− 35 +42 Our Solution
24	U+2212	digit	x=86	− 1 through. This is shown in the following example.
24	U+2212	other	x=171	− (4x− 5y +6) 
24	U+2212	digit	x=166	− 1(4x− 5y +6) 
24	U+2212	digit	x=181	− 4x + 5y− 6 
24	U+2212	digit	x=195	− 7+6x Our Solution
24	U+2212	digit	x=184	− 5x +10 Our Solution
24	U+2212	digit	x=157	− 14x− 34 Our Solution
25	U+2212	other	x=110	− (a− 1);use a =3 and c =5
25	U+2212	other	x=137	− (j +k)− 5;use j = 4, k =5
25	U+2212	variable	x=353	− c);use a =3, c = 2
26	U+2212	digit	x=137	− 8k (8k + 1)
26	U+2212	digit	x=128	− 3n)− (5+ 4n2)
26	U+2212	digit	x=122	− 8) +(2x2
26	U+2212	digit	x=180	− 7)
26	U+2212	digit	x=351	− 3)− (5x2 + 6x)
26	U+2212	variable	x=351	− x)− (7− 8x)
28	U+2212	digit	x=216	− 20 +16=− 4 
28	U+2212	digit	x=246	− 4=− 4 True!
29	U+2212	digit	x=169	− 7− 7 
29	U+2212	digit	x=129	− 4− 4
29	U+2212	digit	x=269	− 9− 9
29	U+2212	digit	x=411	− 8− 8
29	U+2212	digit	x=271	− 2= x
29	U+2212	digit	x=413	− 3= x
30	U+2212	digit	x=105	− 6+x =− 2
30	U+2212	digit	x=276	− 10=x− 7
30	U+2212	digit	x=280	− 3 =x
30	U+2212	digit	x=193	− 5x = 30 Variable is multiplied by− 5
30	U+2212	digit	x=196	− 5− 5 
31	U+2212	digit	x=269	− 4x =− 20
31	U+2212	digit	x=275	− 4− 4
31	U+2212	digit	x=125	− 7
31	U+2212	digit	x=130	− 7
31	U+2212	digit	x=429	− 4 = 9
31	U+2212	digit	x=433	− 4 = 9(− 4)
33	U+2212	digit	x=238	− 8=− 8 True!
34	U+2212	digit	x=182	− 7− 7 
34	U+2212	digit	x=161	− 4− 4 
34	U+2212	digit	x=182	− 2x =6 Negative (subtraction)stays on the 2x
34	U+2212	digit	x=182	− 2− 2 
34	U+2212	digit	x=136	− 8− 8 
34	U+2212	variable	x=147	− x =− 6 
34	U+2212	digit	x=141	− 1x =− 6 
35	U+2212	digit	x=144	− 1− 1 
35	U+2212	digit	x=100	− 3x +7=− 8
35	U+2212	digit	x=125	− 7− 7
35	U+2212	digit	x=264	− 2+ 9x =7
35	U+2212	digit	x=416	− 10− 10
35	U+2212	digit	x=116	− 3x =− 15
35	U+2212	digit	x=420	− 2= 2x
35	U+2212	digit	x=124	− 3− 3
35	U+2212	digit	x=418	− 1=x
35	U+2212	digit	x=98	− 7− 7
35	U+2212	digit	x=255	− 5− 3x =− 5
35	U+2212	digit	x=416	− 3= x
35	U+2212	digit	x=115	− 5x =10
35	U+2212	digit	x=274	− 3x =0
35	U+2212	digit	x=121	− 5− 5
35	U+2212	digit	x=275	− 3− 3
38	U+2212	digit	x=161	− 2x− 2x 
39	U+2212	digit	x=126	− 3x +9= 6x− 27 
39	U+2212	variable	x=162	− x− x 
40	U+2212	digit	x=134	− 8x− 8x 
40	U+2212	digit	x=163	− 15 = 3x− 21 
41	U+2212	digit	x=127	− 8+9 =− 15 + 16 
41	U+2212	digit	x=157	− 6x− 6x 
41	U+2212	digit	x=187	− 15=− 15 
41	U+2212	digit	x=87	− 15=− 15. If the variables subtract out completely and we are left with a true
41	U+2212	digit	x=168	− 2x− 2x 
41	U+2212	digit	x=198	− 10 7 Variable is gone!False!
44	U+2212	digit	x=189	− 4x− 4x 
44	U+2212	digit	x=217	− 12 = 5x +1 
44	U+2212	digit	x=220	− 1− 1 
44	U+2212	digit	x=221	− 13 =5x 
45	U+2212	digit	x=177	− 4− 4 
45	U+2212	variable	x=222	− x− x 
47	U+2212	variable	x=124	− m− m 
48	U+2212	variable	x=155	− b− b 
49	U+2212	word	x=99	− πr2
49	U+2212	word	x=134	− πr2 
49	U+2212	variable	x=195	− c− c 
50	U+2212	digit	x=180	− 2a− 2a 
50	U+2212	word	x=182	− ab=A− 2a 
50	U+2212	variable	x=183	− a− a 
50	U+2212	variable	x=226	− a
50	U+2212	variable	x=212	− b=
50	U+2212	digit	x=212	− 2− 2 
52	U+2212	digit	x=162	− 5− 5 
52	U+2212	digit	x=160	− 4|x|=− 20 
52	U+2212	digit	x=169	− 4− 4 
54	U+2212	digit	x=136	− 2− 2 
54	U+2212	digit	x=158	− 4|2x + 3|=− 20 
54	U+2212	digit	x=167	− 4− 4 
54	U+2212	digit	x=209	− 3− 3
54	U+2212	digit	x=330	− 3− 3
55	U+2212	digit	x=159	− 7− 7 
55	U+2212	digit	x=173	− 2x− 2x
55	U+2212	digit	x=187	− 7= 2x +6
55	U+2212	digit	x=187	− 6− 6
55	U+2212	digit	x=181	− 13 = 2x
55	U+2212	digit	x=181	− 13
65	U+2212	digit	x=124	− 3x− 3x 
65	U+2212	digit	x=190	− 3− 3 
66	U+2212	digit	x=178	− 6− 6 
66	U+2212	digit	x=181	− 14− 14 
73	U+2212	variable	x=147	− x− x 
74	U+2212	digit	x=200	− 2− 2 
75	U+2212	digit	x=193	− 2− 2 
75	U+2212	variable	x=174	− t− t 
75	U+2212	digit	x=175	− 8− 8 
81	U+2212	digit	x=197	− 6− 6 
82	U+2212	digit	x=179	− 2t− 2t 
83	U+2212	digit	x=184	− 100− 100 
91	U+2212	digit	x=187	− 1
91	U+2212	digit	x=175	− 1− 5
92	U+2212	digit	x=181	− 3
92	U+2212	digit	x=154	− 6− 3y = 6 
92	U+2212	digit	x=168	− 3y= 12 
92	U+2212	digit	x=173	− 3− 3
92	U+2212	digit	x=173	− 3y = 6 
92	U+2212	digit	x=178	− 3− 3 
92	U+2212	digit	x=155	− 6− 6 
92	U+2212	digit	x=170	− 3y =0 
92	U+2212	digit	x=171	− 3− 3
93	U+2212	digit	x=169	− 3− 4
97	U+2212	digit	x=300	− 2 
98	U+2212	digit	x=272	− 4− (− 4) Simplify
98	U+2212	digit	x=277	− 2− 3 Simplify
98	U+2212	digit	x=296	− 5 Reduce
98	U+2212	digit	x=147	− 3(3)=
98	U+2212	digit	x=177	− 3=− 1− y
98	U+2212	digit	x=177	− 3=− 1− y
98	U+2212	digit	x=194	− 1− y
98	U+2212	digit	x=180	− 9=− 1− y 
98	U+2212	digit	x=199	− 8 =− y 
98	U+2212	digit	x=202	− 1− 1
99	U+2212	digit	x=202	− 6− 6 
103	U+2212	digit	x=261	− 2x− 2x 
103	U+2212	digit	x=249	− 4y=− 2x + 6 
103	U+2212	digit	x=257	− 4− 4− 4 
104	U+2212	digit	x=183	− 3x− 3x 
109	U+2212	digit	x=117	− 1− (− 3)
109	U+2212	digit	x=115	− 4− 6
109	U+2212	digit	x=172	− 10=−
109	U+2212	digit	x=150	− 2−
113	U+2212	digit	x=97	− 3x− 3x 
113	U+2212	digit	x=84	− 4y=− 3x + 2 
113	U+2212	digit	x=92	− 4− 4− 4 
113	U+2212	digit	x=160	− 2x− 2x 
113	U+2212	digit	x=149	− 3y=− 2x +6 
113	U+2212	digit	x=158	− 3− 3− 3 
114	U+2212	digit	x=146	− 9− 9 
120	U+2212	digit	x=120	− 18 <− 12 
121	U+2212	digit	x=100	− 5− 5
121	U+2212	digit	x=119	− 2x 6 Divide both sides by− 2
121	U+2212	digit	x=122	− 2− 2 
121	U+2212	digit	x=136	− 10x− 10x 
121	U+2212	digit	x=174	− 12 < 2x− 20 
123	U+2212	digit	x=332	− 4 2
125	U+2212	digit	x=84	− 2x− 2x− 3x− 3x
126	U+2212	digit	x=115	− 6− 4x +2 < 2 Subtract 2from all three parts
126	U+2212	digit	x=116	− 2− 2− 2
126	U+2212	digit	x=134	− 8− 4x < 0 Divide all three parts by− 4
126	U+2212	digit	x=137	− 4− 4− 4 
129	U+2212	other	x=196	− ∞,−
129	U+2212	digit	x=143	− 4− 3|x| − 16 Add 4to both sides
129	U+2212	digit	x=162	− 3|x| − 12 Divide both sides by− 3
129	U+2212	digit	x=172	− 3− 3 
130	U+2212	digit	x=142	− 9− 9
130	U+2212	digit	x=148	− 2|4x + 1| >− 6 
130	U+2212	digit	x=175	− 1 < x <
130	U+2212	digit	x=173	− 2− 2 
130	U+2212	digit	x=153	− 3 < 4x +1 < 3 
130	U+2212	digit	x=154	− 1− 1− 1 
130	U+2212	digit	x=172	− 4 < 4x < 2 
130	U+2212	digit	x=231	− 1,
131	U+2212	digit	x=135	− 12− 12
131	U+2212	digit	x=134	− 5− 5
131	U+2212	digit	x=153	− 6|x + 7| 12 Divide both sides by− 6
131	U+2212	digit	x=170	− 6− 6 
135	U+2212	digit	x=90	− 6x− 6x− 2x− 2x 
135	U+2212	digit	x=91	− 3y=− 6x− 9 
135	U+2212	digit	x=100	− 3− 3− 3 2 2 2 Divide by coeﬃcient of y
137	U+2212	digit	x=121	− 2x− 2x− 3x− 3x 
137	U+2212	digit	x=88	− 6y=− 2x + 12− 9y=− 3x +18 
137	U+2212	digit	x=96	− 6− 6− 6− 9− 9− 9 
138	U+2212	digit	x=106	− 4− 6x =− y
138	U+2212	variable	x=110	− y− 3+ 7x =0
138	U+2212	digit	x=333	− 2y=− 5x + 4
138	U+2212	digit	x=333	− 2x =− 4− 4y
138	U+2212	variable	x=333	− y +x =− 3
140	U+2212	digit	x=125	− 7x + 21 =7 
140	U+2212	digit	x=138	− 21− 21
140	U+2212	digit	x=133	− 7x =− 14 
140	U+2212	digit	x=137	− 7− 7
140	U+2212	digit	x=128	− 18− 18
141	U+2212	digit	x=362	− 10− 10
141	U+2212	variable	x=148	− y− y
141	U+2212	digit	x=120	− 5− 5
141	U+2212	digit	x=138	− 2y=− 6 
141	U+2212	digit	x=146	− 2− 2
142	U+2212	digit	x=173	− 4− 4
142	U+2212	digit	x=167	− 8 =− 8 
142	U+2212	digit	x=155	− 2x + y =5 
142	U+2212	digit	x=166	− 2x + y = 5 
142	U+2212	digit	x=175	− 15− 9 Variables are gone!A false statement.
143	U+2212	digit	x=187	− 2x + 4y= 12
143	U+2212	digit	x=129	− 2− 14
143	U+2212	digit	x=191	− 28− 28
144	U+2212	digit	x=106	− 3x− 3y=− 24
144	U+2212	variable	x=106	− x +6y=16
144	U+2212	digit	x=110	− 3x− 3y=− 18
144	U+2212	digit	x=329	− 7x− 6y=− 8
144	U+2212	digit	x=329	− 2x + y=− 3
144	U+2212	digit	x=333	− 2x + y = 7
145	U+2212	digit	x=106	− 3x +2y =6
145	U+2212	digit	x=106	− 7x− y= 20
145	U+2212	digit	x=329	− 5x− 7y=− 19
145	U+2212	digit	x=333	− 2x + 3y= 11
145	U+2212	digit	x=333	− 6x + 8y= 12
146	U+2212	digit	x=140	− 10 + 4y=− 24 
146	U+2212	digit	x=198	− 7
146	U+2212	digit	x=174	− 2,
146	U+2212	digit	x=120	− 6x +5y=22
147	U+2212	digit	x=124	− 6x +5y=22 
147	U+2212	digit	x=162	− 6− 6
147	U+2212	digit	x=84	− 2(2x + 9y)= (− 26)(− 2) 
147	U+2212	digit	x=144	− 4x− 18y= 52
147	U+2212	digit	x=144	− 4x− 18y= 52
147	U+2212	digit	x=146	− 15− 15
148	U+2212	digit	x=305	− 3y +4=− 5x
148	U+2212	digit	x=305	− 3y +4=− 5x
148	U+2212	digit	x=303	− 5(2x− 5y) =(− 13)(− 5)
148	U+2212	digit	x=303	− 10x +25y=65
148	U+2212	digit	x=303	− 10x +25y=65
149	U+2212	digit	x=107	− 6x +15y=− 9 
149	U+2212	digit	x=111	− 6x +15y=− 9
149	U+2212	digit	x=143	− 2(6x− 9y)=(15)(− 2) 
149	U+2212	digit	x=173	− 12x +18y=− 30
149	U+2212	digit	x=173	− 12x +18y=− 30
150	U+2212	digit	x=98	− 4x− 9y=− 28
150	U+2212	variable	x=102	− x + 4y=− 17
150	U+2212	digit	x=106	− 6x + y =4
150	U+2212	digit	x=106	− 6x− 5y=− 3
150	U+2212	digit	x=110	− 6x− 5y=20
150	U+2212	digit	x=106	− 10x− 9y= 28
150	U+2212	digit	x=110	− 3x− 3y=12
150	U+2212	digit	x=106	− 18y + 4x =− 26
150	U+2212	digit	x=325	− 9x− y=− 22
150	U+2212	digit	x=325	− 3x +9y=− 24
150	U+2212	digit	x=333	− 10x− 10y=− 30
150	U+2212	digit	x=333	− 3x− y=26
150	U+2212	digit	x=333	− 7x− 10y=− 10
150	U+2212	digit	x=333	− 10x + 6y= 30
151	U+2212	digit	x=113	− 2x− 2y +3z = 5 
152	U+2212	digit	x=113	− 2x− 2y +3z = 5 
152	U+2212	digit	x=113	− 2x− 2y +3z = 5 
152	U+2212	digit	x=92	− 1(x +2z) =(4)(− 1) 
152	U+2212	variable	x=133	− x− 2z =− 4
152	U+2212	variable	x=133	− x− 2z =− 4 
152	U+2212	digit	x=143	− 2− 2
152	U+2212	digit	x=158	− 5− 5
153	U+2212	digit	x=150	− 8x− y +3z =23 
153	U+2212	digit	x=84	− 2(6x + 2y− z) =(− 16)(− 2) 
153	U+2212	digit	x=138	− 12x− 4y +2z =32
153	U+2212	digit	x=138	− 12x− 4y +2z =32
153	U+2212	digit	x=150	− 8x− y +3z =23 
153	U+2212	digit	x=138	− 24x− 3y +9z =69
153	U+2212	digit	x=138	− 24x− 3y +9z =69
154	U+2212	digit	x=179	− 5y− 5y
154	U+2212	digit	x=124	− 13y + 8(1− y) =− 55 
154	U+2212	digit	x=133	− 13y + 8− 8y=− 55 
154	U+2212	digit	x=159	− 21y +8 =− 55 
154	U+2212	digit	x=191	− 8− 8
154	U+2212	digit	x=178	− 21y=− 63 
154	U+2212	digit	x=185	− 21− 21
154	U+2212	digit	x=130	− 10x + 8y− 6z =8 
155	U+2212	digit	x=130	− 10x + 8y− 6z =8
155	U+2212	digit	x=136	− 10x + 8y− 6 =8
155	U+2212	digit	x=96	− 9x + 12y− 3z =− 5 
155	U+2212	digit	x=96	− 9x + 12y− 3z =− 5
155	U+2212	digit	x=96	− 9x + 12y− 3z =− 5
157	U+2212	variable	x=106	− w + x− y− z =− 6
157	U+2212	variable	x=106	− w +3x + y− z =− 2
157	U+2212	variable	x=329	− w + x + y− z =− 4
157	U+2212	variable	x=333	− w + x− y− z =− 14
157	U+2212	variable	x=325	− w + 2x + 2y + z = 5
157	U+2212	variable	x=325	− w + 3x + y− z =− 4
157	U+2212	digit	x=329	− 2w +x + y− 3z =− 7
159	U+2212	digit	x=130	− 10(q +d) =(11)(− 10) 
159	U+2212	digit	x=153	− 10q− 10d=− 110
159	U+2212	digit	x=153	− 10q− 10d=− 110 
159	U+2212	digit	x=192	− 5− 5 
160	U+2212	variable	x=198	− c− c 
160	U+2212	digit	x=166	− 0.5c +82= 73.5 
160	U+2212	digit	x=200	− 82− 82 
160	U+2212	digit	x=185	− 0.5c =− 8.5 
161	U+2212	digit	x=191	− 0.5− 0.5
162	U+2212	digit	x=106	− 0.06(x + y) =(4000)(− 0.06) 
162	U+2212	digit	x=140	− 0.06x− 0.06y=− 240
163	U+2212	digit	x=140	− 0.06x− 0.06y=− 240 
163	U+2212	digit	x=191	− 1000− 1000 
163	U+2212	digit	x=225	− 320− 320 
168	U+2212	digit	x=164	− 0.6x− 0.6x 
168	U+2212	digit	x=173	− 35− 35
169	U+2212	digit	x=164	− 1.5x− 1.5x 
169	U+2212	digit	x=182	− 100− 100
170	U+2212	digit	x=97	− 0.18(x + y) =(42)(− 0.18) 
170	U+2212	digit	x=116	− 0.18x− 0.18y=− 7.56
170	U+2212	digit	x=116	− 0.18x− 0.18y=− 7.56 
170	U+2212	digit	x=169	− 14− 14 
170	U+2212	variable	x=222	− n− n Solveforcbysubtractingnfromthefirstequation
171	U+2212	digit	x=167	− 120− 120 
171	U+2212	digit	x=192	− 1.5n =− 15 
171	U+2212	digit	x=196	− 1.5− 1.5
171	U+2212	digit	x=188	− 45.5− 45.5 
192	U+2212	variable	x=251	− b2. A Trinomial has three terms, such as ax2 +
192	U+2212	digit	x=137	− 4x +6when x =− 4 
192	U+2212	digit	x=183	− 4(− 4) +6 
192	U+2212	variable	x=138	− x2 + 2x +6when x =3 
192	U+2212	other	x=177	− (3)2 +2(3) +6 
192	U+2212	digit	x=191	− 9 +2(3) +6 Multiply
192	U+2212	digit	x=206	− 9+6 +6 Add
193	U+2212	digit	x=131	− 2x +8) +(3x3
193	U+2212	digit	x=215	− 9x2
193	U+2212	digit	x=199	− 9x2
193	U+2212	digit	x=245	− 11) 
193	U+2212	digit	x=229	− 2x− 3 Our Solution
193	U+2212	digit	x=110	− 2x +7)− (3x2 +6x− 4) 
193	U+2212	digit	x=124	− 2x +7− 3x2
193	U+2212	digit	x=198	− 6x + 4 
193	U+2212	digit	x=192	− 8x + 11 
193	U+2212	digit	x=373	− 3x3
193	U+2212	digit	x=127	− 4x +3) +(5x2
193	U+2212	digit	x=149	− 4x + 3+5x2
193	U+2212	digit	x=211	− 6x + 1)− (x2
193	U+2212	digit	x=289	− 9x +8) 
193	U+2212	digit	x=224	− 6x +1− x2 +9x− 8 
193	U+2212	variable	x=299	− x− 4 Our Solution
194	U+2212	variable	x=124	− a2 +6a− 21 when a =− 4
194	U+2212	digit	x=112	− 7n2 + 15n− 20 when n = 2
194	U+2212	digit	x=112	− 9n2 + 23n− 21 when n =5
194	U+2212	digit	x=131	− 11n3
194	U+2212	digit	x=167	− 9n2
194	U+2212	variable	x=198	− n− 5 when n =− 1
194	U+2212	digit	x=112	− 5x3
194	U+2212	variable	x=142	− x +13 when x =5
194	U+2212	digit	x=167	− 32x + 11 when x = 6
194	U+2212	digit	x=112	− 6x3 +x2
194	U+2212	digit	x=166	− 24 when x =6
194	U+2212	digit	x=208	− 5m2)
194	U+2212	digit	x=192	− 7n2)
194	U+2212	digit	x=217	− 5n4)
194	U+2212	variable	x=199	− x4)
195	U+2212	digit	x=184	− 2− 3r4)
195	U+2212	digit	x=186	− 6x3 +2)
195	U+2212	digit	x=191	− 5a4 +4a)
195	U+2212	digit	x=210	− 3v)
195	U+2212	digit	x=128	− 3− 2p)− (3p2
195	U+2212	digit	x=212	− 6p +3)
195	U+2212	digit	x=155	− 3)+ (8+ 5b2 +b3)
195	U+2212	digit	x=211	− 7n2
195	U+2212	digit	x=241	− 4n4)
195	U+2212	digit	x=227	− 8x4
195	U+2212	digit	x=257	− 7x2)
195	U+2212	digit	x=201	− 7n4
195	U+2212	variable	x=232	− n)
195	U+2212	digit	x=227	− 7x3 + 2x2)
195	U+2212	digit	x=127	− 5r3 +5r2)+ (2r2 + 2r3
195	U+2212	digit	x=251	− 7r4 +1)
195	U+2212	digit	x=211	− 8+ 2x +6x3)
195	U+2212	digit	x=159	− 2) +(2 +2n3 +4n2 + 2n4)
195	U+2212	digit	x=126	− 4b + 4b4)− (8b3
195	U+2212	digit	x=216	− 4b2 +2b4
195	U+2212	digit	x=273	− 8b)
195	U+2212	digit	x=147	− 8n3) +(7n4 + 2− 6n2 + 3n3)+(4n3 +8n4 + 7)
195	U+2212	variable	x=267	− x4)− (x3 + 5x4 +8x)
195	U+2212	digit	x=154	− 4x2)− (2x− 7x2
195	U+2212	digit	x=249	− 4x4
195	U+2212	digit	x=279	− 8)− (8− 6x2
195	U+2212	digit	x=357	− 4x4)
196	U+2212	digit	x=140	− 2x +5) 
196	U+2212	digit	x=124	− 8x4 +20x3 Our Solution
196	U+2212	digit	x=164	− 4a) 
196	U+2212	digit	x=160	− 8a4b Our Solution
197	U+2212	digit	x=241	− 7x +3) 
197	U+2212	digit	x=136	− 20x2
197	U+2212	digit	x=172	− 14x2 +35x +6x− 15 
197	U+2212	digit	x=198	− 34x2 +41x− 15 
197	U+2212	digit	x=164	− 8xy +21xy− 14y2 
198	U+2212	digit	x=313	− 7x + 3) 
198	U+2212	digit	x=208	− 14x2 + 6x− 20x2 + 35x− 15 
198	U+2212	digit	x=269	− 34x2 + 41x− 15 
198	U+2212	digit	x=381	− 8xy + 21xy− 14y2 and
198	U+2212	digit	x=161	− 8xy− 14y2 
199	U+2212	digit	x=189	− 7x +3) 
199	U+2212	digit	x=194	− 7x +3 
199	U+2212	digit	x=146	− 20x2 +35x− 15 
199	U+2212	digit	x=147	− 14x2 + 6x 
199	U+2212	digit	x=146	− 34x2 +41x− 15 
199	U+2212	digit	x=98	− 4xy− 10xy− 5y2 8x2
199	U+2212	digit	x=270	− 10xy− 4xy +5y2 
199	U+2212	digit	x=114	− 14xy− 5y2 8x2
199	U+2212	digit	x=287	− 14xy +5y2
199	U+2212	digit	x=436	− 10xy + 5y2
199	U+2212	digit	x=441	− 4xy
199	U+2212	digit	x=446	− 14xy + 5y2
200	U+2212	variable	x=161	− r + 5)
200	U+2212	digit	x=170	− 2n +5)
200	U+2212	digit	x=175	− 7xy + 4y2)
200	U+2212	digit	x=200	− 5n +6)
200	U+2212	digit	x=420	− 6a + 1)
201	U+2212	variable	x=247	− b2 Our Solution
201	U+2212	digit	x=173	− 25 
202	U+2212	digit	x=179	− 49 
202	U+2212	digit	x=174	− 36y2 
202	U+2212	variable	x=488	− b2
202	U+2212	digit	x=219	− 10x +25 Our Solution
203	U+2212	digit	x=486	− 25
203	U+2212	digit	x=106	− 42xy +49y2 
203	U+2212	digit	x=186	− 49 16x2 +56x +49 16x2
203	U+2212	digit	x=394	− 56x +49
205	U+2212	digit	x=172	− 18x3
205	U+2212	digit	x=208	− 24x2
205	U+2212	digit	x=200	− 6x− 8 Our Solution
205	U+2212	digit	x=161	− 2x + 6
206	U+2212	digit	x=91	− 4 
206	U+2212	digit	x=91	− 4
206	U+2212	digit	x=90	− 20 
206	U+2212	digit	x=93	− 4
206	U+2212	digit	x=94	− 20
206	U+2212	digit	x=95	− 28 
207	U+2212	digit	x=131	− 5x2
207	U+2212	digit	x=162	− 32x +7
207	U+2212	digit	x=133	− 5x2
207	U+2212	digit	x=163	− 32x +7 
207	U+2212	digit	x=133	− 5x2
207	U+2212	digit	x=99	− 3x3 + 12x2 
207	U+2212	digit	x=163	− 32x +7 
207	U+2212	digit	x=161	− 32x 
207	U+2212	digit	x=458	− 12x2
207	U+2212	digit	x=133	− 5x2
207	U+2212	digit	x=104	− 3x3 +12x2
207	U+2212	digit	x=163	− 32x +7
207	U+2212	digit	x=164	− 32x 
207	U+2212	digit	x=127	− 7x2 + 28x 
207	U+2212	digit	x=162	− 4x + 7 
207	U+2212	digit	x=454	− 28x
207	U+2212	digit	x=133	− 5x2
207	U+2212	digit	x=104	− 3x3 +12x2
207	U+2212	digit	x=163	− 32x +7
207	U+2212	digit	x=164	− 32x
207	U+2212	digit	x=136	− 7x2 +28x
207	U+2212	digit	x=169	− 4x +7 
207	U+2212	digit	x=192	− 9 Remainderputoverdivisorandsubtracted(duetonegative)
208	U+2212	digit	x=137	− 8x2 +10x + 103
208	U+2212	digit	x=138	− 8x2 +10x + 103 
208	U+2212	digit	x=108	− 6x3
208	U+2212	digit	x=138	− 8x2 +10x + 103 
208	U+2212	digit	x=143	− 12x2 
208	U+2212	digit	x=108	− 6x3
208	U+2212	digit	x=138	− 20x2 + 10x 
208	U+2212	digit	x=139	− 10x
208	U+2212	digit	x=138	− 8x2 +10x + 103 
208	U+2212	digit	x=138	− 12x2 
208	U+2212	digit	x=135	− 20x2 + 10x− 10x(2x + 4) =− 20x2
208	U+2212	digit	x=365	− 40x
208	U+2212	digit	x=137	− 10x + 25
208	U+2212	digit	x=109	− 6x3
208	U+2212	digit	x=138	− 8x2 +10x + 103 
208	U+2212	digit	x=140	− 12x2
208	U+2212	digit	x=137	− 20x2 +10x
208	U+2212	digit	x=158	− 50x− 100 
208	U+2212	digit	x=127	− 10x + 25 +
209	U+2212	digit	x=166	− 4x + 42 
209	U+2212	digit	x=102	− 2x3
209	U+2212	digit	x=137	− 6x2 
209	U+2212	digit	x=166	− 4x + 42 
209	U+2212	digit	x=131	− 6x2
209	U+2212	digit	x=166	− 4x 
209	U+2212	digit	x=142	− 6x
209	U+2212	digit	x=107	− 2x3
209	U+2212	digit	x=137	− 6x2
209	U+2212	digit	x=166	− 4x + 42 
209	U+2212	digit	x=137	− 6x2
209	U+2212	digit	x=167	− 4x 
209	U+2212	digit	x=479	− 18x
209	U+2212	digit	x=139	− 6x + 14
209	U+2212	digit	x=107	− 2x3
209	U+2212	digit	x=137	− 6x2
209	U+2212	digit	x=166	− 4x + 42 
209	U+2212	digit	x=137	− 6x2
209	U+2212	digit	x=167	− 4x
209	U+2212	digit	x=151	− 14x− 42 
209	U+2212	digit	x=166	− 6x + 14 
210	U+2212	digit	x=110	− 2x− 71
210	U+2212	digit	x=115	− 2v− 89
210	U+2212	digit	x=116	− 4a− 38
210	U+2212	digit	x=124	− 32x + 9
210	U+2212	variable	x=119	− r− 1
210	U+2212	digit	x=116	− 4
210	U+2212	digit	x=120	− 33x + 28
210	U+2212	digit	x=116	− 26x− 41
210	U+2212	digit	x=143	− 64n− 68
210	U+2212	digit	x=116	− 46x + 22
210	U+2212	variable	x=115	− r2
210	U+2212	digit	x=132	− 16r + 8
210	U+2212	digit	x=151	− 15n− 4
210	U+2212	digit	x=120	− 21v2 + 6v + 19
210	U+2212	digit	x=338	− 3r− 53
210	U+2212	digit	x=337	− 10b + 16
210	U+2212	digit	x=338	− 10x + 22
210	U+2212	digit	x=347	− 70k + 16
210	U+2212	digit	x=343	− 5x− 8
210	U+2212	digit	x=342	− 32
210	U+2212	digit	x=338	− 16x2 + 71x− 56
210	U+2212	digit	x=338	− 4k2
210	U+2212	digit	x=360	− 6k + 4
210	U+2212	digit	x=345	− 57m2 + 42
210	U+2212	digit	x=346	− 38b2 + 29b− 60
210	U+2212	digit	x=343	− 23n− 38
210	U+2212	digit	x=342	− 66k2 + 12k + 37
212	U+2212	digit	x=412	− 3x + 8) = 8x4
212	U+2212	digit	x=158	− 12x3 + 32x and try and work backwards to the 4x2(2x− 3x +8).
213	U+2212	digit	x=162	− 20x
213	U+2212	digit	x=217	− 20x + 16 
213	U+2212	digit	x=224	− 5x +4) Our Solution
213	U+2212	digit	x=160	− 15x3
213	U+2212	digit	x=215	− 15x3 + 20x2 
213	U+2212	digit	x=238	− 3x + 4) 
213	U+2212	digit	x=273	− 4xy4 GCF is xy2
214	U+2212	digit	x=242	− 4xy4
214	U+2212	digit	x=276	− 4y2) Our Solution
214	U+2212	digit	x=134	− 6x4y4 +8x3y5 
214	U+2212	digit	x=144	− 3xy2 +4y3) Our Solution
214	U+2212	digit	x=174	− 27a3b3 + 9a2b3 
214	U+2212	digit	x=208	− 3a +1) Our Solution
215	U+2212	digit	x=123	− 25
215	U+2212	digit	x=137	− 5x3
215	U+2212	digit	x=167	− 15x4
215	U+2212	digit	x=129	− 30x +30
215	U+2212	digit	x=151	− 56a3b− 56a5b
215	U+2212	digit	x=173	− 21n +3
215	U+2212	digit	x=357	− 72x3y2
215	U+2212	digit	x=403	− 25
215	U+2212	digit	x=419	− 10y4z3x
215	U+2212	digit	x=365	− 4x4 +12x3 +4x2
215	U+2212	digit	x=147	− 20x12 +50x13
215	U+2212	digit	x=227	− 50x14
215	U+2212	digit	x=399	− 4y10x− 8y8x
218	U+2212	digit	x=174	− 15x2 +2x− 5 
218	U+2212	digit	x=163	− 15x2 
218	U+2212	digit	x=140	− 21b3 +6ab− 14ab2 
218	U+2212	digit	x=129	− 21b3 
218	U+2212	digit	x=127	− 21b3) 
218	U+2212	digit	x=212	− 21b3 
218	U+2212	digit	x=208	− 21b3 
219	U+2212	digit	x=141	− 1(− b + a) 
219	U+2212	digit	x=154	− 1(a− b) 
220	U+2212	digit	x=122	− 8r2
220	U+2212	digit	x=151	− 25r +5
220	U+2212	digit	x=118	− 2n2
220	U+2212	digit	x=148	− 9n +6
220	U+2212	digit	x=156	− 35b− 49
220	U+2212	digit	x=123	− 28x2
220	U+2212	digit	x=159	− 20x + 16
220	U+2212	digit	x=187	− 28y2x
220	U+2212	digit	x=194	− 7y
220	U+2212	digit	x=188	− 7v
220	U+2212	digit	x=346	− 10x2
220	U+2212	digit	x=382	− 56x + 16
220	U+2212	digit	x=381	− 7v− 5
220	U+2212	digit	x=340	− 48x2 + 5x− 40
220	U+2212	digit	x=382	− 5n− 15
220	U+2212	digit	x=351	− 49r2 +18r− 21
220	U+2212	digit	x=407	− 2b2
220	U+2212	digit	x=391	− 20x− 30y3
222	U+2212	digit	x=212	− 4x +3 
222	U+2212	digit	x=192	− 3x− x +3− 3and− 1, split the middle term
222	U+2212	digit	x=205	− 8x− 20 
222	U+2212	digit	x=173	− 10x + 2x− 20− 10 and 2, split the middle term
222	U+2212	digit	x=197	− 9ab + 14b2 
222	U+2212	digit	x=166	− 7ab− 2ab + 14b2
222	U+2212	digit	x=276	− 7 and− 2, split the middle term
223	U+2212	digit	x=186	− 7x− 18 
223	U+2212	digit	x=251	− 9and 2, write the factors
224	U+2212	word	x=132	− mn− 30n2 
224	U+2212	digit	x=186	− 24x +45 
224	U+2212	digit	x=187	− 8x +15) 
224	U+2212	digit	x=256	− 5and− 3, write the factors
225	U+2212	digit	x=112	− 9n +8
225	U+2212	digit	x=112	− 9x− 10
225	U+2212	digit	x=118	− 8n +15
225	U+2212	digit	x=118	− 15n +56
225	U+2212	digit	x=118	− 8uv + 15v2
225	U+2212	digit	x=118	− 11xy +18y2
225	U+2212	digit	x=333	− 17b + 70
225	U+2212	digit	x=340	− 6a− 27
225	U+2212	digit	x=344	− 15mn +50n2
225	U+2212	digit	x=344	− 3mn− 40n2
225	U+2212	digit	x=340	− 9uv + 14v2
225	U+2212	digit	x=346	− 45n +40
225	U+2212	digit	x=350	− 36mn− 162n2
226	U+2212	digit	x=171	− 2x− 15 
226	U+2212	digit	x=134	− 12x +10x− 15 
227	U+2212	digit	x=169	− 27x +5 
227	U+2212	digit	x=143	− 25x− 2x +5 
227	U+2212	word	x=171	− xy− 5y2 
227	U+2212	digit	x=203	− 30x 
227	U+2212	digit	x=137	− 3(7) and− 7(3) 
228	U+2212	digit	x=118	− 48x + 36
228	U+2212	digit	x=117	− 13a− 28
228	U+2212	digit	x=118	− 5x + 2
228	U+2212	variable	x=122	− b− 3
228	U+2212	digit	x=123	− 17x +20
228	U+2212	digit	x=123	− 39x− 21
228	U+2212	digit	x=129	− 87k− 90
228	U+2212	digit	x=129	− 60x +16
228	U+2212	digit	x=123	− 17k + 4
228	U+2212	digit	x=127	− 9mn− 9n2
228	U+2212	digit	x=129	− 52xy + 8y2
228	U+2212	digit	x=341	− 44n +12
228	U+2212	digit	x=340	− 24v− 16
228	U+2212	digit	x=341	− 4n− 20
228	U+2212	digit	x=339	− 4r− 4
228	U+2212	digit	x=346	− 26k + 24
228	U+2212	digit	x=346	− 2xy− 5y2
228	U+2212	digit	x=351	− 54a− 36
228	U+2212	digit	x=346	− 6xy +30y2
228	U+2212	digit	x=352	− 3uv− 36v2
229	U+2212	variable	x=309	− b2 = (a + b)(a− b)
229	U+2212	digit	x=153	− 16 
229	U+2212	digit	x=149	− 25b2 
230	U+2212	variable	x=175	− b4 
230	U+2212	variable	x=171	− b2) 
230	U+2212	digit	x=173	− 16 
230	U+2212	digit	x=174	− 4) 
230	U+2212	digit	x=112	− 6x + 9 
231	U+2212	word	x=366	− ab + b2)
231	U+2212	variable	x=284	− b3 = (a− b)(a2 + ab + b2)
231	U+2212	digit	x=231	− 27 
231	U+2212	digit	x=205	− 10r +4r2) Our Solution
232	U+2212	variable	x=296	− b2 = (a + b)(a− b)
232	U+2212	word	x=380	− ab +b2)
232	U+2212	variable	x=296	− b3 = (a− b)(a2 +ab +b2)
232	U+2212	digit	x=200	− 2 GCF is 2
232	U+2212	digit	x=196	− 1) 
232	U+2212	digit	x=165	− 8x + 1) 
232	U+2212	digit	x=208	− 12ab + 9b2) 
233	U+2212	digit	x=111	− 16
233	U+2212	digit	x=111	− 25
233	U+2212	digit	x=112	− 4
233	U+2212	digit	x=117	− 4
233	U+2212	digit	x=118	− 27
233	U+2212	digit	x=129	− 36
233	U+2212	digit	x=129	− 50b2
233	U+2212	digit	x=117	− 2a +1
233	U+2212	digit	x=118	− 6x + 9
233	U+2212	digit	x=129	− 10p +1
233	U+2212	digit	x=123	− 20ab + 25b2
233	U+2212	digit	x=123	− 24xy + 18y2
233	U+2212	digit	x=118	− 64
233	U+2212	digit	x=135	− 64
233	U+2212	digit	x=117	− 81
233	U+2212	variable	x=118	− y4
233	U+2212	digit	x=121	− 81b4
233	U+2212	digit	x=334	− 9
233	U+2212	digit	x=334	− 1
233	U+2212	digit	x=340	− 1
233	U+2212	digit	x=340	− 1
233	U+2212	digit	x=346	− 20
233	U+2212	digit	x=341	− 8n +16
233	U+2212	digit	x=340	− 4k + 4
233	U+2212	digit	x=356	− 24mn +8n2
233	U+2212	digit	x=358	− 216
233	U+2212	digit	x=352	− 27
233	U+2212	digit	x=356	− 108n3
233	U+2212	digit	x=340	− 256
233	U+2212	digit	x=341	− 1
233	U+2212	variable	x=351	− b4
233	U+2212	digit	x=350	− 16d4
234	U+2212	variable	x=133	− b2 =(a +b)(a− b)
234	U+2212	word	x=217	− ab + b2)
234	U+2212	variable	x=133	− b3 =(a− b)(a2 + ab + b2)
235	U+2212	digit	x=262	− 105x GCF first, 5x
235	U+2212	digit	x=226	− 400 GCF first, 100
235	U+2212	digit	x=233	− 4) 
235	U+2212	digit	x=155	− 39x2y2 + 3xy2 
235	U+2212	digit	x=184	− 13x +1) 
235	U+2212	digit	x=163	− 9x− 4x +1)− 9and− 4, split middle term
236	U+2212	digit	x=118	− 9uv + 4v2
236	U+2212	digit	x=148	− 6n
236	U+2212	digit	x=123	− 16
236	U+2212	variable	x=118	− n
236	U+2212	digit	x=118	− 4xy +3y2
236	U+2212	digit	x=123	− 25y2
236	U+2212	digit	x=123	− 4n2
236	U+2212	digit	x=129	− 64
236	U+2212	digit	x=123	− 27k2 +60k
236	U+2212	digit	x=129	− 8xy + y2
236	U+2212	digit	x=133	− 48n2
236	U+2212	digit	x=340	− 11x + 15
236	U+2212	digit	x=385	− 5xv + 15xu2
236	U+2212	digit	x=346	− 22x− 15
236	U+2212	digit	x=352	− 150uv + 125v2
236	U+2212	digit	x=340	− 27y3
236	U+2212	digit	x=350	− 6m2n− 24n2m
236	U+2212	variable	x=356	− n3
236	U+2212	digit	x=351	− 9b2
236	U+2212	digit	x=346	− 10x +12
236	U+2212	digit	x=352	− 18y2
236	U+2212	digit	x=346	− 3n2
236	U+2212	digit	x=356	− 11uv3 +15v4
237	U+2212	digit	x=133	− 3x + 4x− 3=0 
238	U+2212	digit	x=107	− 8x +15− 8x +15
238	U+2212	digit	x=146	− 8x +15 = 0 
238	U+2212	digit	x=107	− 7x +3x− 21=− 9 
238	U+2212	digit	x=133	− 4x− 21=− 9 
238	U+2212	digit	x=144	− 4x− 12 =0 
238	U+2212	digit	x=101	− 3x2
238	U+2212	digit	x=131	− 4x +5− 3x2
238	U+2212	digit	x=213	− 4x +5
238	U+2212	digit	x=239	− 9 
239	U+2212	digit	x=145	− 3− 3 + 3+3 Solve each equation
239	U+2212	digit	x=104	− 12x +9− 12x + 9
239	U+2212	digit	x=113	− 12x + 9=0 
239	U+2212	digit	x=163	− 8x− 8x 
239	U+2212	digit	x=170	− 8x = 0 
240	U+2212	digit	x=168	− 14x2 + 24x =0 
240	U+2212	digit	x=180	− 7x +12) =0 
241	U+2212	digit	x=118	− 150 = 0
241	U+2212	digit	x=124	− 9n− 2= 0
241	U+2212	digit	x=118	− 4x− 8 =− 8
241	U+2212	digit	x=118	− 5x− 1 =− 5
241	U+2212	digit	x=118	− 6x = 16
241	U+2212	digit	x=123	− 46 + 7x =7x + 8x2 +3
241	U+2212	variable	x=338	− m− 30 =0
241	U+2212	digit	x=351	− 285r− 280 =0
241	U+2212	digit	x=344	− 3b− 2= 0
241	U+2212	digit	x=340	− 8v− 3=− 3
241	U+2212	digit	x=340	− 6a +6=− 2
241	U+2212	digit	x=346	− 13n +8= 5
241	U+2212	digit	x=350	− 224= 28m
241	U+2212	digit	x=346	− 28n =0
243	U+2212	variable	x=186	− x− 12
243	U+2212	digit	x=184	− 9x +20 and 3
243	U+2212	digit	x=277	− 1
243	U+2212	digit	x=265	− 5− 5
244	U+2212	digit	x=166	− 4
244	U+2212	digit	x=231	− 4
245	U+2212	digit	x=194	− 16 
245	U+2212	digit	x=195	− 2) 
245	U+2212	digit	x=195	− 2) Our Solution
245	U+2212	digit	x=122	− 25
246	U+2212	digit	x=110	− 4x + 3 when x =− 4
246	U+2212	digit	x=116	− 7n + 10
246	U+2212	digit	x=115	− 4v− 60
246	U+2212	digit	x=124	− 42x
246	U+2212	variable	x=333	− n− 6
246	U+2212	digit	x=341	− 36p
246	U+2212	digit	x=343	− 21n
246	U+2212	digit	x=349	− 5v
246	U+2212	digit	x=124	− 42x
246	U+2212	digit	x=338	− 12k + 32
246	U+2212	digit	x=350	− 64
246	U+2212	digit	x=343	− 29x + 40
246	U+2212	digit	x=343	− 30x− 80
247	U+2212	digit	x=120	− 10x + 8
247	U+2212	digit	x=122	− 7x + 4
247	U+2212	digit	x=120	− 32n + 16
247	U+2212	digit	x=116	− 2n + 1
247	U+2212	digit	x=120	− 26a− 45
247	U+2212	digit	x=120	− 34a + 20
247	U+2212	digit	x=345	− 2k2
247	U+2212	digit	x=367	− 2k
247	U+2212	digit	x=342	− 18k2 + 9k
249	U+2212	digit	x=149	− 9
249	U+2212	digit	x=201	− 8x + 16
250	U+2212	variable	x=155	− x− 12
250	U+2212	digit	x=155	− 2x− 8 ÷
250	U+2212	variable	x=161	− x− 12
250	U+2212	digit	x=161	− 2x− 8·
251	U+2212	digit	x=116	− 6x− 7
251	U+2212	digit	x=124	− 40k ÷ 1
251	U+2212	digit	x=123	− 24b (5b− 3)
251	U+2212	digit	x=153	− 13n + 42
251	U+2212	digit	x=116	− 12x + 32
251	U+2212	digit	x=118	− 6x− 16·
251	U+2212	digit	x=211	− 36m2
251	U+2212	digit	x=213	− 40m
251	U+2212	digit	x=187	− 44p− 32
251	U+2212	digit	x=119	− 53r− 24
251	U+2212	digit	x=366	− 11v + 10
251	U+2212	variable	x=337	− b− 12 ÷ 
251	U+2212	variable	x=391	− b− 12
251	U+2212	digit	x=338	− 12p + 32 ÷ 1
251	U+2212	digit	x=338	− 7x + 10
251	U+2212	variable	x=393	− x− 20
251	U+2212	digit	x=343	− 12n− 54
251	U+2212	variable	x=338	− k− 12·
251	U+2212	digit	x=393	− 28k
251	U+2212	digit	x=393	− 56k
251	U+2212	digit	x=339	− 2n− 35 ÷ 9n + 54
251	U+2212	digit	x=343	− 66x + 80
251	U+2212	digit	x=347	− 12n− 32
251	U+2212	digit	x=347	− 91n + 40·
252	U+2212	digit	x=116	− 1
252	U+2212	digit	x=156	− 4
252	U+2212	variable	x=148	− x− 2 ÷ x2 + x− 2
252	U+2212	digit	x=404	− 3ab + 3b2 ÷ a2
252	U+2212	digit	x=471	− 4b2
252	U+2212	digit	x=232	− 4
252	U+2212	digit	x=223	− 6x + 9
252	U+2212	variable	x=397	− x− 3
253	U+2212	variable	x=288	− x− 12 
254	U+2212	digit	x=181	− 10x +25 and x2
254	U+2212	digit	x=271	− 14x +45
255	U+2212	digit	x=178	− 5x− 6 and x− 2
255	U+2212	digit	x=252	− 8x +12
256	U+2212	digit	x=144	− 16
256	U+2212	digit	x=118	− 3x, x− 3, x
256	U+2212	digit	x=118	− 25, x +5
256	U+2212	digit	x=116	− 16,
256	U+2212	digit	x=116	− 36,
256	U+2212	variable	x=116	− x− 6 ,
256	U+2212	digit	x=367	− 6x + 9
256	U+2212	digit	x=372	− 2x− 15
256	U+2212	digit	x=340	− 9, x2
256	U+2212	digit	x=375	− 6x +9
256	U+2212	digit	x=340	− 7x+ 10,x2
256	U+2212	digit	x=402	− 2x− 15,x2 + x− 6
256	U+2212	digit	x=150	− 8x + 16
256	U+2212	digit	x=338	− 6x ,
256	U+2212	digit	x=338	− 3x− 10,
256	U+2212	variable	x=338	− x− 12,
256	U+2212	digit	x=338	− 6x + 8 ,
257	U+2212	digit	x=101	− 2x− 8 +
257	U+2212	digit	x=172	− 2x− 8 
257	U+2212	digit	x=172	− 2x− 8 
258	U+2212	digit	x=149	− 9x− 6
258	U+2212	digit	x=134	− 3(3x +2)
258	U+2212	other	x=140	− (3x +2)
260	U+2212	digit	x=198	− 7x +12 
260	U+2212	digit	x=198	− 7x +12 
260	U+2212	digit	x=198	− 7x +12 
260	U+2212	digit	x=110	− 2x− 3
260	U+2212	digit	x=196	− 3x− 4
261	U+2212	digit	x=166	− 5x + 9
261	U+2212	digit	x=166	− 6x + 5
261	U+2212	digit	x=110	− 6x + 5
261	U+2212	digit	x=116	− 4−
261	U+2212	variable	x=116	− x− 6−
261	U+2212	digit	x=168	− 9
261	U+2212	digit	x=116	− 1−
261	U+2212	digit	x=116	− 2x− 35 + 
261	U+2212	digit	x=116	− 9−
261	U+2212	digit	x=116	− 2x− 3−
261	U+2212	digit	x=338	− 25 + x
261	U+2212	digit	x=338	− 1−
261	U+2212	digit	x=338	− 9 + 5
261	U+2212	digit	x=338	− 2x− 3−
261	U+2212	digit	x=395	− 5x + 6
261	U+2212	digit	x=338	− 1−
261	U+2212	variable	x=338	− s2 + 1
261	U+2212	digit	x=338	− 4x + 3 + 
261	U+2212	digit	x=195	− 1
263	U+2212	digit	x=212	− 1
263	U+2212	variable	x=211	− x
263	U+2212	digit	x=227	− 2
264	U+2212	digit	x=192	− 2(x + 4)
264	U+2212	digit	x=201	− 2x− 5
264	U+2212	word	x=219	− ab2 Our Solution
264	U+2212	digit	x=459	− 1 which
265	U+2212	digit	x=168	− 6x +9− x2
265	U+2212	digit	x=236	− 6x− 9
265	U+2212	digit	x=168	− 6x + 9+x2 +6x− 9 
265	U+2212	digit	x=244	− 12x
265	U+2212	digit	x=242	− 12x
265	U+2212	digit	x=253	− 6x
265	U+2212	digit	x=262	− 9 Our Solution
266	U+2212	variable	x=338	− a
266	U+2212	variable	x=111	− a
266	U+2212	digit	x=336	− 1
266	U+2212	digit	x=108	− 6
266	U+2212	digit	x=334	− 5
266	U+2212	digit	x=335	− 6
266	U+2212	variable	x=119	− b2
266	U+2212	digit	x=345	− 4
266	U+2212	digit	x=364	− 1
267	U+2212	variable	x=128	− y−2
267	U+2212	variable	x=357	− y−2
267	U+2212	variable	x=135	− y−2
267	U+2212	digit	x=128	− 6x−1 +9
267	U+2212	digit	x=143	− 9
267	U+2212	variable	x=351	− x−1y−1 + y−2
269	U+2212	digit	x=215	− 15− 15 
269	U+2212	digit	x=182	− 12x− 12x 
269	U+2212	digit	x=206	− 6− 6
270	U+2212	digit	x=167	− 10x− 10x 
270	U+2212	digit	x=204	− 15 =4x +8 
270	U+2212	digit	x=209	− 8− 8
270	U+2212	digit	x=223	− 23 = 4x 
270	U+2212	digit	x=229	− 24− 24 
270	U+2212	digit	x=175	− 6− 6 + 5=5 Add or subtract
271	U+2212	digit	x=118	− 7x− 7x 
271	U+2212	digit	x=138	− 63=− x 
271	U+2212	digit	x=143	− 1− 1
275	U+2212	variable	x=188	− x2
275	U+2212	variable	x=261	− x2 
275	U+2212	digit	x=178	− 1− 1− 5− 5
276	U+2212	digit	x=260	− 5− 5 
276	U+2212	digit	x=192	− 3− 3 +1 +1
276	U+2212	digit	x=264	− 3x +2 Factor denominator
276	U+2212	digit	x=220	− 2x− x +1 =11 
276	U+2212	digit	x=240	− 3x +1 =11 
276	U+2212	digit	x=260	− 11− 11 
276	U+2212	digit	x=240	− 3x− 10 =0 Factor
277	U+2212	digit	x=108	− 4) +8(− x2 + x +6)= 5(x2
277	U+2212	variable	x=257	− x− 6) Distribute
277	U+2212	digit	x=114	− 32− 8x2 +8x +48 =5x2
277	U+2212	digit	x=250	− 5x− 30 
277	U+2212	digit	x=250	− 5x− 30 
277	U+2212	digit	x=168	− 8x− 16− 8x− 16 
277	U+2212	digit	x=244	− 13x− 46 Factor
278	U+2212	digit	x=417	− 1
278	U+2212	digit	x=184	− 4
278	U+2212	digit	x=215	− 1
278	U+2212	digit	x=184	− 1
278	U+2212	digit	x=184	− 12x + 27
278	U+2212	digit	x=184	− 3x− 18
278	U+2212	digit	x=337	− 2x
278	U+2212	variable	x=401	− x
278	U+2212	digit	x=415	− 3x− 2
278	U+2212	digit	x=406	− 2x− 8
278	U+2212	variable	x=407	− x− 2
290	U+2212	digit	x=161	− 5 18x4y6z10 18 is divisible by 9, a perfect square
290	U+2212	digit	x=154	− 5 9· 2x4y6z10 Split into factors
290	U+2212	digit	x=91	− 5 9√ · 2
290	U+2212	digit	x=161	− 5· 3x2y3z5 2
290	U+2212	digit	x=168	− 15x2y3z5 2
296	U+2212	digit	x=160	− 6 23√ +5 93√ Our Solution
298	U+2212	digit	x=160	− 5 14
298	U+2212	digit	x=183	− 20 84√ Simplify the radical, divisible by 4
298	U+2212	digit	x=170	− 20 4· 21
298	U+2212	digit	x=170	− 20· 2 21
298	U+2212	digit	x=183	− 40 21√ Our Solution
299	U+2212	digit	x=186	− 16 2
305	U+2212	digit	x=155	− 22 
305	U+2212	digit	x=143	− 3
305	U+2212	digit	x=114	− 11 , both answers are correct.
307	U+2212	digit	x=198	− 3x
307	U+2212	digit	x=201	− 3x
308	U+2212	digit	x=106	− 3 + 5√
319	U+2212	variable	x=209	− i Our Solution
319	U+2212	digit	x=210	− 7 +4i Our Solution
320	U+2212	digit	x=218	− 21 Our Solution
320	U+2212	digit	x=255	− 35i Simplify i2
320	U+2212	digit	x=230	− 15− 35i Our Solution
320	U+2212	digit	x=232	− 54i3 Simplify i2
320	U+2212	digit	x=211	− 36 +54i Our Solution
320	U+2212	digit	x=236	− 9− 40i Our Solution
321	U+2212	digit	x=94	− 1
321	U+2212	digit	x=178	− 5i 
321	U+2212	digit	x=154	− 5i
321	U+2212	digit	x=172	− 5i2 Simplify i2
321	U+2212	digit	x=152	− 5(− 1) Multiply
321	U+2212	digit	x=86	− 3 + 7i
321	U+2212	digit	x=154	− 40− 40i
321	U+2212	digit	x=171	− 1− i
322	U+2212	digit	x=194	− 16
322	U+2212	digit	x=181	− 1· 16
322	U+2212	digit	x=191	− 24
322	U+2212	digit	x=170	− 1· 4· 6
322	U+2212	digit	x=156	− 6
322	U+2212	digit	x=168	− 18
322	U+2212	digit	x=161	− 9· 2
322	U+2212	digit	x=168	− 3 2√ Our Solution
322	U+2212	digit	x=149	− 15− − 200
322	U+2212	digit	x=197	− 200
322	U+2212	digit	x=171	− 1· 100· 2
322	U+2212	digit	x=157	− 15− 10i 2
322	U+2212	digit	x=168	− 3− 2i 2
323	U+2212	variable	x=111	− i
323	U+2212	digit	x=106	− 10 + i
323	U+2212	digit	x=106	− 6− i
323	U+2212	digit	x=335	− 3i
323	U+2212	digit	x=329	− 8− 6i
324	U+2212	digit	x=343	− 4
326	U+2212	digit	x=183	− 2− 2 
327	U+2212	digit	x=193	− 6− 6 
327	U+2212	variable	x=137	− x− x 
327	U+2212	digit	x=437	− 2ab + b2
327	U+2212	digit	x=174	− 10x + 25 
327	U+2212	digit	x=104	− 4x− 1− 4x− 1 
327	U+2212	digit	x=174	− 14x + 24 Factor
328	U+2212	digit	x=171	− 3x− 3x 
328	U+2212	digit	x=179	− 8=− 2x 
328	U+2212	digit	x=181	− 2− 2
329	U+2212	variable	x=119	− x− 1− x− 1 
329	U+2212	digit	x=175	− 4x− 4x 
329	U+2212	digit	x=182	− 4x = 0 Factor
330	U+2212	variable	x=138	− x− 5− x− 5 
330	U+2212	digit	x=171	− 4x− 16− 4x− 16 
330	U+2212	digit	x=131	− 9+9
330	U+2212	digit	x=223	− 1=− 1 True!It works
333	U+2212	digit	x=130	− 4− 4− 4− 4 
334	U+2212	digit	x=223	− 6= 119 
334	U+2212	digit	x=234	− 4− 4 
334	U+2212	digit	x=215	− 6− 6 
334	U+2212	digit	x=129	− 1− 1− 1− 1 
335	U+2212	digit	x=106	− 1− 1− 1− 1 
336	U+2212	digit	x=146	− 6= 21
336	U+2212	digit	x=340	− 2= 106
337	U+2212	digit	x=168	− 3− 3− 2− 2
337	U+2212	digit	x=219	− 2x− 7 = 0. The equation cannot be factored, however
337	U+2212	digit	x=211	− 5− 5
338	U+2212	digit	x=197	− 7x + c c =
338	U+2212	digit	x=183	− 11x +
339	U+2212	digit	x=344	− 3− 3
340	U+2212	digit	x=179	− 48− 48 Subtract 24
340	U+2212	digit	x=178	− 5− 5
340	U+2212	digit	x=115	− 3x +
340	U+2212	digit	x=168	− 3x− 2=0 
340	U+2212	digit	x=170	− 3x =2 No a, find number to complete the square 1
341	U+2212	digit	x=180	− 2x− 2x 
341	U+2212	digit	x=197	− 2x =− 7 
341	U+2212	digit	x=227	− 20
342	U+2212	digit	x=112	− 30x +
342	U+2212	digit	x=115	− 36m +
342	U+2212	digit	x=112	− 15x +
342	U+2212	variable	x=112	− y +
342	U+2212	digit	x=112	− 16x + 55 =0
342	U+2212	digit	x=117	− 8v +45 = 0
342	U+2212	digit	x=123	− 10k + 48 =0
342	U+2212	digit	x=118	− 16n +67 = 4
342	U+2212	digit	x=117	− 8p=− 55
342	U+2212	variable	x=124	− n +7= 7n +6n2
342	U+2212	digit	x=123	− 6x + 40 =0
342	U+2212	digit	x=117	− 7k + 50 = 3
342	U+2212	digit	x=124	− 8n +60=− 3n +6+ 4n2
342	U+2212	digit	x=334	− 24a +
342	U+2212	digit	x=334	− 34x +
342	U+2212	digit	x=334	− 17p +
342	U+2212	digit	x=341	− 8n− 12 = 0
342	U+2212	digit	x=346	− 6x + 47 =0
342	U+2212	digit	x=340	− 16p− 52 = 0
342	U+2212	digit	x=344	− 8m− 3 =6
342	U+2212	digit	x=346	− 12n− 14 =4
342	U+2212	digit	x=340	− 56=− 10a
342	U+2212	digit	x=340	− 5a +25 = 3
342	U+2212	variable	x=346	− p +56=− 8
342	U+2212	variable	x=341	− n =− 41
342	U+2212	digit	x=346	− 11x =− 18
342	U+2212	digit	x=344	− 15b +56 =3b2
342	U+2212	digit	x=351	− 15v = 27 + 4v2
342	U+2212	digit	x=437	− 6v
343	U+2212	variable	x=245	− c− c 
343	U+2212	digit	x=250	− 4ac
343	U+2212	digit	x=250	− 4ac
343	U+2212	digit	x=250	− 4ac
343	U+2212	digit	x=249	− 4ac
343	U+2212	digit	x=249	− 4ac
343	U+2212	digit	x=249	− 4ac
344	U+2212	digit	x=203	− 4ac
344	U+2212	digit	x=434	− 4ac
344	U+2212	variable	x=125	− b
344	U+2212	digit	x=192	− 4(1)(2)
344	U+2212	digit	x=138	− 30x− 11− 30x− 11 
344	U+2212	digit	x=183	− 30x− 11 =0 
344	U+2212	digit	x=142	− 4(25)(− 11)
345	U+2212	digit	x=107	− 2x2
345	U+2212	digit	x=137	− 6x + 5− 2x2
345	U+2212	digit	x=215	− 6x + 5 
345	U+2212	digit	x=138	− 2x + 13 =0 
345	U+2212	digit	x=168	− 4(1)(13)
345	U+2212	digit	x=188	− 12x +9= 0 
345	U+2212	digit	x=166	− 4(4)(9)
346	U+2212	digit	x=151	− 4(3)(7)
346	U+2212	digit	x=348	− 5x + 6=0
346	U+2212	digit	x=348	− 3x + 4=0
346	U+2212	digit	x=378	− 4(1)(4)
347	U+2212	digit	x=118	− 8x− 2 =0
347	U+2212	digit	x=121	− 3= 0
347	U+2212	digit	x=116	− 2r− 1=0
347	U+2212	digit	x=118	− 36 = 0
347	U+2212	digit	x=117	− 4v− 5=− 8
347	U+2212	digit	x=123	− 64 = 0
347	U+2212	digit	x=341	− 1= 0
347	U+2212	digit	x=340	− 2x− 15 = 0
347	U+2212	digit	x=346	− 3n +3=− 4
347	U+2212	digit	x=346	− 14=− 2
347	U+2212	digit	x=344	− 3= 8b
347	U+2212	digit	x=137	− 3n− 52 = 2− 7n2
347	U+2212	digit	x=350	− 6m + 6=− m
347	U+2212	digit	x=122	− 12=− 3r
347	U+2212	digit	x=346	− 3= x2
347	U+2212	digit	x=124	− 9= 4
348	U+2212	digit	x=170	− 4− 4 +2 + 2 Subtract 4from first, add 2to second
348	U+2212	digit	x=203	− 2x− 8= 0 
348	U+2212	digit	x=133	− 2− 2− 3− 3 
348	U+2212	digit	x=136	− 9x− 8x + 6=0 
349	U+2212	digit	x=157	− 17x + 6=0 
349	U+2212	digit	x=242	− 3− 3 
349	U+2212	digit	x=242	− 3=0 Our Solution
349	U+2212	digit	x=225	− 2− 2 
349	U+2212	digit	x=217	− 4x + 4= 25· 2
349	U+2212	digit	x=230	− 4x +4 =50 
349	U+2212	digit	x=250	− 50− 50 Subtract 50
349	U+2212	digit	x=230	− 4x− 46 = 0 
350	U+2212	digit	x=231	− 2− 2 
350	U+2212	digit	x=229	− 16x + 4=3 
350	U+2212	digit	x=260	− 3− 3 Subtract 3
350	U+2212	digit	x=229	− 16x + 1=0 
350	U+2212	digit	x=225	− 4− 4 
350	U+2212	digit	x=203	− 8x + 16=25i2 
350	U+2212	digit	x=200	− 8x +16=− 25 
350	U+2212	digit	x=218	− 8x +41 =0 
350	U+2212	digit	x=202	− 3− 3 
350	U+2212	digit	x=187	− 12x + 9=5i2 i2
350	U+2212	digit	x=178	− 12x +9 =− 25 
350	U+2212	digit	x=190	− 12x +34 =0 
352	U+2212	digit	x=156	− 13x2 + 36 =0 
352	U+2212	digit	x=160	− 13y + 36 =0 
353	U+2212	variable	x=135	− a−1
353	U+2212	digit	x=166	− 6=0 
353	U+2212	variable	x=147	− b− 6=0 
353	U+2212	digit	x=213	− 6− 6 
353	U+2212	digit	x=213	− 6 =0 
354	U+2212	digit	x=162	− 2(x− 7)+ 5=0 
354	U+2212	digit	x=191	− 2y + 5=0 
354	U+2212	digit	x=169	− 6x)2 =7(x2
354	U+2212	digit	x=238	− 6x)− 12 
354	U+2212	digit	x=114	− 7(x2
354	U+2212	digit	x=148	− 6x)+ 12− 7(x2
354	U+2212	digit	x=238	− 6x) +12 
354	U+2212	digit	x=150	− 6x)2
354	U+2212	digit	x=185	− 7(x2
354	U+2212	digit	x=219	− 6x) +12 = 0 
354	U+2212	digit	x=268	− 6x Make new variable
354	U+2212	digit	x=259	− 6x)2 Square both sides
354	U+2212	digit	x=224	− 7y +12 = 0 
354	U+2212	digit	x=190	− 6x or 4= x3
354	U+2212	digit	x=214	− 6x Solve each equation, complete the square
354	U+2212	digit	x=146	− 6x + 9 or 13=x2
354	U+2212	digit	x=249	− 6x + 9 Factor
355	U+2212	digit	x=187	− 9x3 + 8= 0 
355	U+2212	digit	x=191	− 9y + 8= 0 
355	U+2212	digit	x=163	− 1− 1− 8− 8
355	U+2212	digit	x=146	− 1=0 or x3
355	U+2212	digit	x=217	− 8= 0 
355	U+2212	digit	x=95	− 1 ± 12
355	U+2212	digit	x=137	− 4(1)(1)
355	U+2212	digit	x=86	− 2 ± 22
355	U+2212	digit	x=128	− 4(1)(4)
356	U+2212	digit	x=112	− 5x2 +4= 0
356	U+2212	digit	x=115	− 7m2
356	U+2212	digit	x=149	− 8=0
356	U+2212	digit	x=111	− 50a2 + 49 =0
356	U+2212	digit	x=112	− 25x2 +144 = 0
356	U+2212	digit	x=115	− 20m2 +64 = 0
356	U+2212	digit	x=117	− 216=19z3
356	U+2212	variable	x=123	− z2
356	U+2212	digit	x=118	− 2x2
356	U+2212	digit	x=148	− 3=0
356	U+2212	digit	x=123	− 5x2 + 2= 0
356	U+2212	digit	x=118	− 9x2 +8= 0
356	U+2212	digit	x=123	− 9x3 + 1= 0
356	U+2212	digit	x=118	− 17x4 + 16 = 0
356	U+2212	digit	x=145	− 4(y +b)= 21
356	U+2212	digit	x=146	− 6(y + 2)=16
356	U+2212	digit	x=146	− 2(x− 3)= 35
356	U+2212	digit	x=145	− 8(r− 1) =20
356	U+2212	digit	x=152	− 14(y + 1) =5
356	U+2212	digit	x=128	− 2x)2 +5= 6(3x2
356	U+2212	digit	x=222	− 2x)
356	U+2212	digit	x=157	− 2(x2 +2x)=3
356	U+2212	digit	x=334	− 9y2 +20 = 0
356	U+2212	digit	x=334	− 29y2 +100 = 0
356	U+2212	digit	x=333	− 10b2 + 9= 0
356	U+2212	digit	x=334	− 40y2 +144 = 0
356	U+2212	digit	x=340	− 35x3 + 216 = 0
356	U+2212	digit	x=340	− 2y2 =24
356	U+2212	variable	x=347	− x−1
356	U+2212	digit	x=379	− 12 = 0
356	U+2212	digit	x=353	− 20=21y−1
356	U+2212	digit	x=340	− 7x2 +12 = 0
356	U+2212	variable	x=346	− x2
356	U+2212	digit	x=370	− 3=0
356	U+2212	digit	x=340	− 10x3 + 16 = 0
356	U+2212	digit	x=376	− 1= 0
356	U+2212	digit	x=369	− 4(x− 1)= 5
356	U+2212	digit	x=372	− 5(m− 1)= 14
356	U+2212	other	x=375	− (x− 1)= 3
356	U+2212	digit	x=345	− 3)2
356	U+2212	digit	x=373	− 2(x2
356	U+2212	digit	x=407	− 3)=3
356	U+2212	digit	x=373	− 8(x2 +x)+ 12 =0
356	U+2212	variable	x=128	− x)2
356	U+2212	digit	x=157	− 4(2x2
356	U+2212	variable	x=197	− x)+ 3=0
356	U+2212	digit	x=351	− 4x)2 =3(3x2
356	U+2212	digit	x=425	− 4x) +4
358	U+2212	digit	x=182	− 40− 40 
358	U+2212	digit	x=134	− 16x2
358	U+2212	digit	x=226	− 16x2 
358	U+2212	digit	x=150	− 15x2 +12x +36 =0 
358	U+2212	digit	x=186	− 12x− 36 =0 
358	U+2212	digit	x=145	− 4(15)(− 36)
359	U+2212	digit	x=151	− 4x− 4x 
359	U+2212	variable	x=97	− x2
359	U+2212	variable	x=178	− x2
359	U+2212	digit	x=202	− 21− 21
359	U+2212	digit	x=151	− 2x− 2x 
360	U+2212	variable	x=141	− x2 +26x =168 
360	U+2212	digit	x=124	− 26x =− 168 Solve by completing the square.
360	U+2212	digit	x=146	− 26x + 324 =1 
360	U+2212	digit	x=160	− 192− 192 
361	U+2212	digit	x=147	− 1200x + 80000=57600 
361	U+2212	digit	x=190	− 57600− 57600 
361	U+2212	digit	x=171	− 1200x +22400 =0 
361	U+2212	digit	x=178	− 300x +5600) =0 
365	U+2212	digit	x=151	− 4x− 4x 
366	U+2212	digit	x=274	− 10x Distribute
366	U+2212	digit	x=274	− 10x Combine like terms
366	U+2212	digit	x=174	− 24x + 120− 24x +120 
366	U+2212	digit	x=243	− 34x +120 Factor
366	U+2212	digit	x=467	− 34x +
367	U+2212	digit	x=263	− 5x Distribute
367	U+2212	digit	x=263	− 5x Combine like terms
367	U+2212	digit	x=182	− 12x + 6− 12x +6 
367	U+2212	digit	x=238	− 17x +6 Factor
370	U+2212	digit	x=223	− 6x = 54x 
370	U+2212	digit	x=157	− 2x2 + 42x +144= 54x 
370	U+2212	digit	x=190	− 54x− 54x 
370	U+2212	digit	x=169	− 2x2
370	U+2212	digit	x=199	− 12x + 144 =0 
371	U+2212	digit	x=191	− 35
371	U+2212	digit	x=87	− 35x(x +6)
371	U+2212	digit	x=132	− 35(x + 6)− 2x(x +6) =5x 
371	U+2212	digit	x=128	− 35x− 210− 2x2
371	U+2212	digit	x=221	− 12x =5x 
371	U+2212	digit	x=159	− 2x2
371	U+2212	digit	x=189	− 47x− 210 =5x 
371	U+2212	digit	x=194	− 5x− 5x
371	U+2212	digit	x=166	− 2x2
371	U+2212	digit	x=196	− 52x− 210 = 0 
371	U+2212	digit	x=166	− 5− 5− 21− 21
371	U+2212	digit	x=127	− 5y=− 35 or− 21y=− 35 Solve each equation
371	U+2212	digit	x=134	− 5− 5− 21− 21
374	U+2212	digit	x=210	− 15n = 60n 
374	U+2212	digit	x=181	− 60n− 60n
374	U+2212	digit	x=192	− 19n− 168 = 0 
374	U+2212	digit	x=158	− 4(5)(− 168)
375	U+2212	digit	x=216	− 8n = 96n Distribute
375	U+2212	digit	x=183	− 96n− 96n 
375	U+2212	digit	x=198	− 8n− 192 = 0 
375	U+2212	digit	x=218	− 8n =192 
375	U+2212	digit	x=223	− 2n =48 Complete the square: b·
375	U+2212	digit	x=204	− 2n +1 =49 Factor
376	U+2212	digit	x=214	− 20r =120r 
376	U+2212	digit	x=214	− 20r =120r Distribute
376	U+2212	digit	x=170	− 120r− 120r 
376	U+2212	digit	x=194	− 20r− 1200 = 0 
376	U+2212	digit	x=200	− 10r− 600 = 0 
377	U+2212	digit	x=144	− 32− 30r +60= 30r +60 
377	U+2212	digit	x=169	− 30r +28= 30r +60 
377	U+2212	digit	x=168	− 30r− 60− 30r− 60
377	U+2212	digit	x=205	− 60r− 32 =0 
377	U+2212	digit	x=211	− 15r− 8 =0 Factor
377	U+2212	digit	x=174	− 1− 1 +8 +8
380	U+2212	digit	x=232	− 4x +3 
380	U+2212	digit	x=148	− 4(1)+ 3= 1− 4+ 3=0 
380	U+2212	digit	x=137	− 4(2)+ 3=4− 8+ 3=− 1 
380	U+2212	digit	x=142	− 4(3)+ 3= 9− 12 + 3=0 
380	U+2212	digit	x=136	− 4(4)+ 3= 16− 16 + 3=3 
381	U+2212	digit	x=106	− 3− 3− 1− 1 
382	U+2212	digit	x=177	− 4x +3) 
382	U+2212	digit	x=184	− 6 
384	U+2212	digit	x=132	− 2x− 8
384	U+2212	digit	x=137	− 12x +10
384	U+2212	digit	x=143	− 40x +75
384	U+2212	digit	x=155	− 60x− 175
384	U+2212	digit	x=354	− 2x− 3
384	U+2212	digit	x=360	− 12x +16
386	U+2212	digit	x=308	− 2x +7 and y +x
387	U+2212	digit	x=175	− 3x2
387	U+2212	variable	x=186	− y =5 a function? 
387	U+2212	digit	x=205	− 3x2 
387	U+2212	variable	x=168	− y=− 3x2 + 5 
387	U+2212	digit	x=172	− 1− 1− 1
387	U+2212	digit	x=220	− 5 
387	U+2212	variable	x=169	− x = 5a function? 
388	U+2212	digit	x=437	− 5, we could
388	U+2212	digit	x=209	− 5. It is important to point out that f(x) does not mean
388	U+2212	digit	x=156	− 3− 3 +2+ 2
388	U+2212	digit	x=86	− 3and 2. If x were one of those two values, the function would be undefined.
388	U+2212	variable	x=248	− x 
389	U+2212	digit	x=182	− 4x; find f(− 2) 
389	U+2212	digit	x=223	− 4(− 2) 
390	U+2212	variable	x=200	− t; find p(t +1) 
390	U+2212	other	x=238	− (t +1) Square binomial
391	U+2212	variable	x=332	− x2 = 1
391	U+2212	digit	x=146	− 3x− 4
391	U+2212	digit	x=147	− 25
391	U+2212	digit	x=371	− 3x− 4
391	U+2212	digit	x=372	− 25
392	U+2212	digit	x=150	− 2; Find f(− 2)
392	U+2212	digit	x=388	− 3;Find f(2)
393	U+2212	variable	x=242	− x− 2
393	U+2212	other	x=225	− (− 3)− 2 
394	U+2212	digit	x=228	− 84 Our Solution
394	U+2212	variable	x=177	− x + 5 
394	U+2212	variable	x=172	− x + 5) 
394	U+2212	variable	x=147	− x2 + 3x− 9 
394	U+2212	variable	x=452	− x + 5)
394	U+2212	digit	x=160	− 4x− 5
394	U+2212	digit	x=332	− 4x− 5)and g(x)with (x− 5)
394	U+2212	digit	x=158	− 4x− 5)
395	U+2212	digit	x=172	− 1+x2 +4 
396	U+2212	digit	x=228	− 2x + 1
396	U+2212	digit	x=207	− 2(− 2)+ 1 Evaluate
397	U+2212	variable	x=222	− x
397	U+2212	other	x=206	− (x +3) Evaluate exponent
397	U+2212	variable	x=181	− x
397	U+2212	variable	x=332	− x
397	U+2212	variable	x=188	− x) 
397	U+2212	variable	x=392	− x)
397	U+2212	variable	x=170	− x) +3 
397	U+2212	variable	x=174	− x +3 Our Solution
398	U+2212	digit	x=165	− 2
398	U+2212	digit	x=372	− 2x2
398	U+2212	digit	x=376	− 2
398	U+2212	digit	x=377	− 3
398	U+2212	digit	x=375	− 2x2 +2x
398	U+2212	digit	x=388	− 5t
399	U+2212	digit	x=154	− 5x
399	U+2212	digit	x=154	− 4n
399	U+2212	digit	x=153	− 1
399	U+2212	digit	x=380	− 5
399	U+2212	digit	x=393	− 4n
399	U+2212	digit	x=376	− 5
399	U+2212	digit	x=376	− 5n
400	U+2212	digit	x=154	− 5x
400	U+2212	digit	x=153	− 1
400	U+2212	digit	x=395	− 4n
400	U+2212	variable	x=372	− t
402	U+2212	digit	x=248	− 4
402	U+2212	digit	x=429	− 4
402	U+2212	digit	x=281	− 4
402	U+2212	digit	x=402	− 4
402	U+2212	digit	x=262	− 4
402	U+2212	digit	x=272	− 4+4
402	U+2212	digit	x=286	− 2
403	U+2212	digit	x=286	− 2
403	U+2212	digit	x=245	− 2(3− 4x)
403	U+2212	digit	x=301	− 2 Replace f(x)with y
403	U+2212	digit	x=301	− 2 
403	U+2212	digit	x=301	− 2 Solve for y
404	U+2212	digit	x=261	− 4− 4
404	U+2212	digit	x=169	− 4xy + 3− 4xy + 3 
405	U+2212	digit	x=159	− 3
405	U+2212	variable	x=138	− x− 1
405	U+2212	digit	x=376	− 1
406	U+2212	digit	x=205	− 1− 1 
407	U+2212	digit	x=102	− 9x− 9x 
407	U+2212	digit	x=140	− 4− 4
407	U+2212	digit	x=154	− 4x =7x− 1 
407	U+2212	digit	x=153	− 7x− 7x
407	U+2212	digit	x=163	− 11x =− 1 
407	U+2212	digit	x=169	− 11− 11
408	U+2212	digit	x=140	− 3x− 3x 
412	U+2212	digit	x=197	− 5− 5 
430	U+2212	digit	x=157	− 35◦ 
431	U+2212	digit	x=190	− 71.6◦ 
440	U+2212	digit	x=426	− 20x
441	U+2212	digit	x=142	− 8k
441	U+2212	digit	x=272	− 3n− 5
441	U+2212	digit	x=420	− 6x− 3
441	U+2212	digit	x=420	− 15
459	U+2212	digit	x=118	− 3p
459	U+2212	digit	x=287	− 5
459	U+2212	digit	x=307	− 1
459	U+2212	digit	x=308	− 1
459	U+2212	digit	x=267	− 4n + 7
459	U+2212	digit	x=267	− 3a2
459	U+2212	digit	x=293	− 2a
459	U+2212	digit	x=270	− 2m +6
459	U+2212	digit	x=410	− 5n2 +3
459	U+2212	digit	x=409	− 3r3 + 7r2 +1
459	U+2212	digit	x=420	− 6x2 + 3x− 8
459	U+2212	variable	x=413	− b3 + 4b2 + 4b
459	U+2212	digit	x=471	− 7b2
459	U+2212	variable	x=420	− n3
459	U+2212	digit	x=441	− 6n2 +10
459	U+2212	variable	x=415	− x3
459	U+2212	digit	x=436	− 4x +2
459	U+2212	digit	x=118	− 7x− 4
459	U+2212	digit	x=122	− 19b− 15
459	U+2212	digit	x=351	− 26v + 8
459	U+2212	digit	x=346	− 44a− 32
459	U+2212	digit	x=352	− 22x− 7
459	U+2212	digit	x=352	− 29x +6
459	U+2212	digit	x=352	− 14xy− 4y2
459	U+2212	digit	x=352	− 34uv− 48v2
459	U+2212	digit	x=346	− 7ab− 24b2
459	U+2212	digit	x=345	− 43r2 +12r− 35
460	U+2212	digit	x=130	− 20n2 +38n− 20
460	U+2212	digit	x=122	− 4b2
460	U+2212	digit	x=150	− 4b− 12
460	U+2212	digit	x=129	− 24x2y +3xy2 +12y3
460	U+2212	digit	x=130	− 16n3 +64n2
460	U+2212	digit	x=202	− 6n + 36
460	U+2212	digit	x=164	− 13a2
460	U+2212	digit	x=199	− 12a + 3
460	U+2212	digit	x=352	− 15x− 12
460	U+2212	digit	x=352	− 55x +60
460	U+2212	digit	x=352	− 18x− 15
460	U+2212	digit	x=352	− 44x− 12
460	U+2212	digit	x=346	− 49x +70
460	U+2212	digit	x=352	− 10x− 5
460	U+2212	digit	x=352	− 6
460	U+2212	digit	x=440	− 18v4
460	U+2212	digit	x=108	− 64
460	U+2212	digit	x=108	− 16
460	U+2212	digit	x=108	− 9
460	U+2212	digit	x=121	− 25
460	U+2212	digit	x=118	− 64
460	U+2212	digit	x=112	− 9
460	U+2212	digit	x=118	− 64
460	U+2212	digit	x=112	− 49
460	U+2212	variable	x=123	− x2
460	U+2212	digit	x=123	− 49b2
460	U+2212	digit	x=126	− 64n2
460	U+2212	digit	x=118	− 9x2
460	U+2212	digit	x=271	− 4y2
460	U+2212	digit	x=261	− 16x +64
460	U+2212	digit	x=271	− 98k +49
460	U+2212	digit	x=271	− 40x + 25
460	U+2212	digit	x=275	− 80m + 64
460	U+2212	digit	x=275	− 8mn + n2
460	U+2212	digit	x=414	− 14m + 49
460	U+2212	digit	x=420	− 49
460	U+2212	digit	x=419	− 49
460	U+2212	digit	x=408	− 16
460	U+2212	digit	x=411	− 25
460	U+2212	digit	x=414	− 64
461	U+2212	digit	x=128	− 5)
461	U+2212	digit	x=150	− 8x)
461	U+2212	digit	x=272	− 2k− 4+ 5
461	U+2212	digit	x=266	− 4x− 10−
461	U+2212	digit	x=266	− 8x +7
461	U+2212	digit	x=421	− 9n− 10−
461	U+2212	digit	x=414	− 3k− 9−
461	U+2212	digit	x=414	− 7x + 3+ 1
461	U+2212	digit	x=418	− 8m + 7−
461	U+2212	digit	x=421	− 3n− 3+ 5
461	U+2212	digit	x=414	− 6v +6 + 1
461	U+2212	digit	x=362	− 3x +3)
462	U+2212	digit	x=179	− 5)
462	U+2212	variable	x=415	− x)
462	U+2212	digit	x=394	− 7n +1)
462	U+2212	digit	x=436	− 5x3)
462	U+2212	variable	x=381	− x2 +3x + 1)
462	U+2212	digit	x=400	− 2xy3
462	U+2212	digit	x=437	− 4xy)
462	U+2212	digit	x=121	− 5)(5r− 1)
462	U+2212	digit	x=122	− 8)(7x− 2)
462	U+2212	digit	x=117	− 3)(3n− 2)
462	U+2212	digit	x=122	− 1)(7v +5)
462	U+2212	digit	x=120	− 7)(5b + 7)
462	U+2212	digit	x=122	− 4)(5x− 4)
462	U+2212	digit	x=124	− 5)(n + 3)
463	U+2212	digit	x=431	− 3xy +15y2)
464	U+2212	digit	x=380	− 4x +16)
464	U+2212	digit	x=380	− 2x +4)
464	U+2212	digit	x=404	− 12xy + 9y2)
464	U+2212	digit	x=404	− 15xy + 25y2)
464	U+2212	digit	x=417	− 30mn +36n2)
465	U+2212	digit	x=189	− 12mn +9n2)
467	U+2212	digit	x=112	− 2x− 3
467	U+2212	variable	x=112	− x− 12
467	U+2212	digit	x=118	− 11x + 30
468	U+2212	digit	x=129	− 4x
468	U+2212	digit	x=179	− 6x + 9
468	U+2212	digit	x=184	− 9x− 18
468	U+2212	digit	x=225	− 8x
468	U+2212	digit	x=217	− 4x + 4
469	U+2212	digit	x=120	− 3xy− 6x2
469	U+2212	digit	x=116	− 1
469	U+2212	digit	x=121	− 1
469	U+2212	digit	x=118	− 4
469	U+2212	variable	x=118	− x
469	U+2212	digit	x=116	− 25
469	U+2212	variable	x=116	− x− 1
469	U+2212	variable	x=275	− t2
469	U+2212	digit	x=268	− 10x + 25
469	U+2212	digit	x=257	− 4a2
469	U+2212	digit	x=268	− 3a + 3
469	U+2212	digit	x=279	− 2a
469	U+2212	digit	x=284	− 5x + 4
469	U+2212	digit	x=413	− 5x− 14
469	U+2212	digit	x=412	− 9
469	U+2212	variable	x=412	− y
469	U+2212	digit	x=414	− 1
469	U+2212	word	x=413	− xy + y2
475	U+2212	digit	x=140	− 2
475	U+2212	digit	x=338	− 2a b√ + b
475	U+2212	variable	x=353	− b
479	U+2212	digit	x=129	− 7
480	U+2212	digit	x=112	− 7x + 10=0
480	U+2212	digit	x=272	− 31x +12 = 0
480	U+2212	digit	x=112	− 9x + 18 =0
480	U+2212	digit	x=272	− 20x +4= 0
480	U+2212	digit	x=112	− 22x + 40 =0
480	U+2212	digit	x=278	− 9x− 5= 0
480	U+2212	digit	x=112	− 14x + 13 = 0
480	U+2212	digit	x=272	− 7x− 5= 0
480	U+2212	digit	x=112	− 8x + 16 =0
480	U+2212	digit	x=112	− 9x = 0
480	U+2212	digit	x=414	− 2x + 10 = 0
480	U+2212	digit	x=266	− 25 = 0
480	U+2212	digit	x=112	− 7x− 44 =0
480	U+2212	digit	x=266	− 1= 0
480	U+2212	digit	x=278	− 1=0
480	U+2212	digit	x=266	− 7= 0
480	U+2212	digit	x=118	− 2x− 3 =0
480	U+2212	digit	x=129	− 16x +3 =0
480	U+2212	digit	x=129	− 75x +25 =0
480	U+2212	digit	x=123	− 5x + 1=0
480	U+2212	digit	x=123	− 7x + 2=0
480	U+2212	digit	x=266	− 11 = 0
480	U+2212	digit	x=266	− 12 = 0
480	U+2212	digit	x=278	− 3=0
480	U+2212	digit	x=414	− 4x− 2=0
480	U+2212	digit	x=414	− 12x + 39 = 0
480	U+2212	digit	x=426	− 96x + 38 =0
480	U+2212	digit	x=420	− 12x + 29 =0
484	U+2212	digit	x=444	− 1 +2
485	U+2212	digit	x=370	− 3
485	U+2212	digit	x=118	− 2n
485	U+2212	digit	x=131	− 4x− 2
485	U+2212	digit	x=161	− 3
485	U+2212	digit	x=131	− 8x +2
485	U+2212	digit	x=121	− 8t
485	U+2212	digit	x=134	− 15t2
485	U+2212	digit	x=168	− 25t
485	U+2212	digit	x=118	− 4x + 5
485	U+2212	digit	x=143	− 3t + 5
485	U+2212	digit	x=118	− 9n4 + 20n2
485	U+2212	digit	x=130	− 15n− 25
485	U+2212	variable	x=329	− n2
485	U+2212	digit	x=347	− 4n
485	U+2212	digit	x=346	− 2x
485	U+2212	digit	x=331	− 3x + 4
485	U+2212	digit	x=340	− 4x2
485	U+2212	digit	x=347	− 2n
485	U+2212	digit	x=360	− 12n− 16
485	U+2212	digit	x=350	− 108t2 +141t− 60
485	U+2212	digit	x=376	− 4
486	U+2212	digit	x=193	− 1
