# gpo-warren-1964 pages 461-920; pages whose scan failed: 0
baseFont	subtype	FontWeight	StemV	Flags	ItalicAngle	ToUnicode	shows	PDFKit names	name rule bold	weight-aware bold	name slope	name rule italic	slope-aware italic
Courier	Type1	-	-	-	-	no	235892		-	no	unstated	-	no
# line runs 228313; bold by name rule 0; bold with font resources 0; changed 0 on 0 pages
# italic by name rule 0; italic with font resources 0; changed 0 on 0 pages
# unresolved mixed-style lines: 0 on 0 pages; by undecoded font kind: 
# pages with bold changes: 
# pages with italic changes: 
# bold examples
# italic examples
# unresolved examples
