# gpo-911-2004 pages 1-585; pages whose scan failed: 1
baseFont	subtype	FontWeight	StemV	Flags	ItalicAngle	ToUnicode	shows	PDFKit names	name rule bold	weight-aware bold	name slope	name rule italic	slope-aware italic
KAFHKN+Bembo	Type1	-	67	6	0	yes	27877	Helvetica×26237	no	no	unstated	no	no
KAFJDA+Bembo-Italic	Type1	-	64	70	-11.5	yes	725	Helvetica×128	no	no	italic	no	yes
KAGBEE+Bembo-Bold	Type1	-	122	262150	0	yes	677	Helvetica×593	no	yes	unstated	no	no
KAGIPE+Bembo-Semibold	Type1	-	95	262150	0	yes	82		-	yes	unstated	-	no
KAGOIP+Bembo-BoldItalic	Type1	-	107	262214	-11.5	yes	53	Helvetica×48	no	yes	italic	no	yes
KAFIIG+Bembo-SC	Type1	-	73	131078	0	yes	17	Helvetica×5	no	no	unstated	no	no
KAGGLN+FranklinGothic-Medium	Type1	-	111	4	0	yes	10	Helvetica×3	no	no	unstated	no	no
KAFIIH+Times-Roman	Type1	-	84	6	0	yes	3	Times-Roman×3	no	no	upright	no	no
KAFIJJ+Geneva	Type1	-	0	4	0	yes	1	Geneva×1	no	no	unstated	no	no
# line runs 29310; bold by name rule 0; bold with font resources 797; changed 797 on 243 pages
# italic by name rule 0; italic with font resources 763; changed 763 on 195 pages
# unresolved mixed-style lines: 0 on 0 pages; by undecoded font kind: 
# pages with bold changes: 19 20 22 25 26 28 32 34 35 36 37 38 39 40 41 42 44 46 47 48 49 50 51 53 54 55 56 58 60 61 62 67 68 70 71 72 75 77 80 86 92 94 96 98 105 106 107 108 109 110 111 112 113 114 121 122 126 129 133 137 152 155 157 158 163 164 168 170 173 174 178 179 180 181 183 185 186 187 190 192 194 195 197 199 200 202 203 204 205 210 211 216 217 219 220 223 224 225 227 228 230 233 236 239 241 243 245 246 249 253 256 257 258 259 261 266 268 270 273 274 278 279 280 281 284 285 286 287 290 291 294 295 296 297 299 300 301 303 305 307 309 310 311 314 315 316 317 319 320 322 323 324 325 326 327 329 335 336 337 339 340 347 357 358 362 371 373 375 376 379 381 382 383 385 387 388 389 392 393 394 395 396 397 398 399 400 401 403 404 405 407 408 409 410 411 412 413 414 415 416 418 419 421 425 429 433 434 435 436 437 438 439 440 441 443 444 445 446 457 458 459 460 461 462 463 464 465 469 484 489 497 506 518 531 543 544 545 551 559 572 578 580 583
# pages with italic changes: 5 6 7 13 14 16 18 32 33 34 41 65 67 68 69 72 73 74 85 86 87 88 90 92 97 111 124 135 136 138 146 150 164 166 169 170 171 174 177 188 189 193 197 198 200 202 208 209 210 211 213 214 219 220 222 224 225 227 230 231 256 257 258 268 279 280 284 285 286 287 288 289 290 297 302 306 315 330 331 340 355 356 357 358 359 361 362 366 368 373 374 375 377 379 380 381 390 392 419 421 422 423 426 427 428 429 435 452 453 454 455 456 457 458 459 460 461 462 463 464 469 471 475 477 478 480 481 482 483 484 485 486 487 488 489 490 491 493 494 495 496 497 499 500 501 502 504 505 506 507 508 509 513 516 517 518 519 520 522 523 524 525 526 527 528 531 532 535 537 538 539 544 548 549 554 557 559 560 561 570 571 572 573 574 575 576 577 578 579 580 581 582 583 584 585
# bold examples
  p19	helvetica	Boarding the Flights
  p19	helvetica	Boston:American 11 and United 175. 
  p20	helvetica	Washington Dulles:American 77. 
  p22	helvetica	Newark: United 93. 
  p22	helvetica	The Hijacking of American 11
  p25	helvetica	The Hijacking of United 175
  p26	helvetica	The Hijacking of American 77
  p28	helvetica	The Battle for United 93
  p32	helvetica	The FAA and NORAD
  p32	helvetica	FAA Mission and Structure. 
  p34	helvetica	NORAD Mission and Structure. 
  p35	helvetica	Interagency Collaboration. 
  p36	helvetica	American Airlines Flight 11
  p36	helvetica	FAA Awareness. 
  p37	helvetica	American 11: 
  p37	helvetica	American 11: 
  p37	helvetica	American 11: 
  p38	helvetica	Military Notification and Response. 
  p38	helvetica	FAA: 
  p38	helvetica	NEADS: 
  p38	helvetica	FAA: 
  p39	helvetica	United Airlines Flight 175
  p39	helvetica	FAA Awareness. 
  p39	helvetica	UAL 175: 
  p39	helvetica	FAA: 
  p39	helvetica	UAL 175:
  p39	helvetica	FAA: 
  p39	helvetica	Manager, New York Center: 
  p40	helvetica	Manager, NewYork Center: 
  p40	helvetica	Terminal: 
  p40	helvetica	Center: 
  p40	helvetica	Terminal: 
  p40	helvetica	Center: 
  p40	helvetica	Terminal: 
  p40	helvetica	Center (at 9:02): 
  p41	helvetica	Boston Center: 
  p41	helvetica	New England Region:
  p41	helvetica	Boston Center: 
  p41	helvetica	New England Region: 
  p41	helvetica	Unidentified Female Voice: 
# italic examples
  p5	helvetica	Member List xi
  p5	helvetica	Staff List xiii–xiv
  p5	helvetica	Preface xv
  p6	helvetica	Cole 
  p7	helvetica	Appendix A: Common Abbreviations 
  p7	helvetica	Appendix B:Table of Names 
  p7	helvetica	Appendix C: Commission Hearings 
  p7	helvetica	Notes 
  p13	helvetica	Executive Director
  p13	helvetica	Deputy Executive Director
  p13	helvetica	General Counsel
  p13	helvetica	Staff Assistant
  p13	helvetica	Professional Staff Member
  p13	helvetica	Counsel
  p13	helvetica	Counsel
  p13	helvetica	Professional Staff Member
  p13	helvetica	Professional Staff Member
  p13	helvetica	Information Control Officer
  p13	helvetica	Professional Staff Member
  p13	helvetica	Counsel
  p13	helvetica	Systems Engineer
  p13	helvetica	Professional Staff Member
  p13	helvetica	Research Assistant
  p13	helvetica	Professional Staff Member
  p13	helvetica	Manager of Operations
  p13	helvetica	Counsel
  p13	helvetica	Staff Assistant
  p13	helvetica	Consultant
  p13	helvetica	Staff Assistant
  p13	helvetica	Professional Staff Member
  p13	helvetica	Counsel
  p13	helvetica	Investigator
  p13	helvetica	Professional Staff Member
  p13	helvetica	Professional Staff Member
  p13	helvetica	Deputy General Counsel
  p13	helvetica	Counsel
  p13	helvetica	Editor
  p13	helvetica	Senior Counsel & Team Leader
  p13	helvetica	Deputy for Communications
  p14	helvetica	Professional Staff Member
  p14	helvetica	Senior Counsel & Team Leader
  p14	helvetica	Security Officer
  p14	helvetica	Professional Staff Member
  p14	helvetica	Counsel
  p14	helvetica	Senior Counsel, Special Projects
  p14	helvetica	Family Liaison
  p14	helvetica	Professional Staff Member
  p14	helvetica	Senior Counsel & Team Leader
  p14	helvetica	Executive Secretary
  p14	helvetica	Professional Staff Member
  p14	helvetica	Senior Counsel & Team Leader
  p14	helvetica	Counsel
  p14	helvetica	Security Officer
  p14	helvetica	Counsel
  p14	helvetica	Intern
  p14	helvetica	Counsel
  p14	helvetica	Staff Assistant
  p14	helvetica	Professional Staff Member
  p14	helvetica	Special Assistant & Managing Editor
  p14	helvetica	Professional Staff Member
# unresolved examples
