# faa-phak-8083-25c pages 1-522; pages whose scan failed: 0
baseFont	subtype	FontWeight	StemV	Flags	ToUnicode	shows	PDFKit names	name rule bold	weight-aware bold
XGOTCU+Times-Roman	TrueType	400	84	34	yes	37806	Times-Roman×25893	no	no
XGOTCU+Helvetica	TrueType	400	88	32	yes	5903	Helvetica×485	no	no
XGOTCU+Helvetica-Bold	TrueType	700	140	32	yes	3481	Helvetica-Bold×709	yes	yes
HIMBMA+Times-Bold	TrueType	700	140	34	yes	2147	Times-Bold×29	yes	yes
HIMBMA+Times-Italic	TrueType	400	80	98	yes	1496	Times-Italic×264, Helvetica-Bold×1	no	no
CGXSUK+FranklinGothic-Book	TrueType	400	76	32	no	438		-	no
XHCECU+LetterGothic-Bold	TrueType	700	84	34	no	398		-	yes
Helvetica	Type1	400	75	32	no	379	Helvetica×93	no	no
ArialNarrow	TrueType	400	72	32	no	301		-	no
SJZKKE+Times-BoldItalic	TrueType	700	116	98	yes	291	Times-BoldItalic×276	yes	yes
SJZKKE+Swiss721BT-Roman	TrueType	400	88	32	no	225		-	no
SHTFKE+ArialMT	TrueType	400	88	32	no	205		-	no
WOKUCF+TimesNewRoman	Type0	400	80	6	yes	189	Helvetica×72	no	no
Arial-BoldMT	TrueType	700	136	32	no	188	Arial-BoldMT×3	yes	yes
SJZKKE+TradeGothic-BoldCondTwenty	Type1	700	88	32	no	181		-	yes
TimesNewRomanPSMT	TrueType	400	80	34	yes	114	TimesNewRomanPSMT×50	no	no
Times-Roman	TrueType	400	84	34	yes	111	Times-Roman×47	no	no
HGGRMA+Helvetica	Type0	400	88	4	yes	81		-	no
Times-Italic	TrueType	400	80	98	yes	80	Times-Italic×27	no	no
Helvetica-Bold	Type1	700	75	32	no	76	Helvetica-Bold×35	yes	yes
XHCECU+Myriad-Roman	Type1	400	88	32	no	74		-	no
INVEAY+Helvetica-Bold	Type0	700	140	4	yes	72		-	yes
JGURWV+TimesNewRomanPSMT	Type0	400	80	6	yes	68	Helvetica×5	no	no
NJLLSO+AgencyFB-Reg	TrueType	400	64	32	yes	67	Helvetica×16	no	no
SHTFKE+Helvetica-Narrow-Bold	TrueType	700	116	32	no	63		-	yes
QGWSPS+TimesNewRomanPSMT	Type0	400	80	6	yes	53	TimesNewRomanPSMT×33	no	no
NDPUAS+TimesNewRomanPSMT	Type0	400	80	6	yes	53		-	no
SJZKKE+Swiss721BT-Bold	TrueType	700	144	32	no	49		-	yes
UHHFUZ+TimesNewRomanPSMT	Type0	400	80	6	yes	47	TimesNewRomanPSMT×2	no	no
SJZKKE+ArialRoundedMTBold	TrueType	700	132	32	no	43		-	yes
XJOACU+MyriadPro-Regular	Type1	400	88	32	no	42		-	no
NSPUSO+MyriadPro-Regular	Type1	400	88	32	no	36		-	no
XKBUCU+MSReferenceSansSerif	TrueType	400	92	32	yes	36		-	no
NNJDSO+CourierNewPSMT	TrueType	400	40	34	no	30		-	no
NQDYSO+Helvetica	Type0	400	88	4	yes	30		-	no
IOOPAY+Helvetica	Type0	400	88	4	yes	28		-	no
SJZKKE+Myriad-Bold	Type1	700	152	32	no	28		-	yes
XKBUCU+Myriad-Roman	Type1	400	88	32	no	27		-	no
IPANEY+TimesNewRoman	Type0	400	80	6	yes	20	Helvetica×3	no	no
ULUISJ+TimesNewRoman	Type0	400	80	6	yes	20	Helvetica×3	no	no
XHCECU+Helvetica-Narrow-BoldOblique	TrueType	700	116	96	no	17		-	yes
IWOWVY+Myriad-Bold	Type0	700	152	4	yes	17		-	yes
CKKTUK+MyriadPro-Regular	Type1	400	88	32	no	16		-	no
Times-BoldItalic	TrueType	700	116	98	yes	16	Times-BoldItalic×16	yes	yes
CourierNewPSMT	TrueType	400	40	34	no	16		-	no
CPQKUK+Swiss721BT-Roman	Type0	400	88	4	yes	15		-	no
Times-Bold	TrueType	700	140	34	yes	15		-	yes
XSQKAZ+SymbolMT	Type0	400	75	4	yes	14		-	no
ArialMT	TrueType	400	88	32	no	13	ArialMT×1	no	no
WVSHIF+TimesNewRomanPSMT	Type0	400	80	6	yes	12	Helvetica×10	no	no
SJZKKE+Myriad-Italic	Type1	400	84	96	no	11		-	no
*Times New Roman-Bold-256-Identity-H	Type0	-	100	262148	yes	9	Helvetica×1	no	yes
NOXOSO+Helvetica	Type0	400	88	4	yes	9		-	no
CODQUK+Helvetica	Type0	400	88	4	yes	8		-	no
XFNROJ+TimesNewRomanPSMT	Type0	400	80	6	yes	8	TimesNewRomanPSMT×7	no	no
NPQZSO+Times-Roman	Type0	400	84	6	yes	7	Times-Roman×7	no	no
XPNXCU+Helvetica	Type0	400	88	4	yes	7		-	no
NSPUSO+Helvetica	Type0	400	88	4	yes	7		-	no
VHRCWX+TimesNewRomanPSMT	Type0	400	80	6	yes	7		-	no
QARAVH+Helvetica	Type0	400	88	4	yes	6		-	no
ArialNarrow-Bold	TrueType	700	112	32	no	6		-	yes
XLUFCU+Helvetica	Type1	400	75	32	no	6	Helvetica×6	no	no
XLUFCU+Myriad-Italic	Type1	400	84	96	no	6	Helvetica×1	no	no
KRBIUJ+TimesNewRomanPSMT	Type0	400	80	6	yes	6		-	no
Helvetica	TrueType	400	88	32	yes	5	Helvetica×4	no	no
SNSCKE+MicrosoftSansSerif	TrueType	400	92	32	yes	5		-	no
NIDRSO+MSReferenceSansSerif	Type0	400	92	4	yes	5		-	no
BXYDTW+TimesNewRomanPSMT	Type0	400	80	6	yes	5		-	no
IQUZAY+Wingdings3	Type0	400	72	131076	yes	5		-	no
RIBUOV+TimesNewRomanPSMT	Type0	400	80	6	yes	4		-	no
YWRAQH+TimesNewRomanPSMT	Type0	400	80	6	yes	4		-	no
IUNRVY+Times-Roman	Type0	400	84	6	yes	4	Times-Roman×1	no	no
TTVHLM+TimesNewRomanPSMT	Type0	400	80	6	yes	4		-	no
OHEAOQ+Symbol	Type0	400	75	4	yes	4		-	no
CQETIJ+TimesNewRomanPSMT	Type0	400	80	6	yes	4		-	no
Courier	TrueType	400	72	34	no	4		-	no
CGXSUK+Swiss721BT-Italic	TrueType	400	88	32	no	4		-	no
GPJHLM+TimesNewRomanPSMT	Type0	400	80	6	yes	4		-	no
Helvetica-Oblique	TrueType	400	92	96	no	3		-	no
HKTXMA+Symbol	Type0	400	75	4	yes	3		-	no
HLMIMA+Times-Roman	Type0	400	84	6	yes	3	Times-Roman×3	no	no
CHQDUK+Times-Roman	Type0	400	84	6	yes	3	Times-Roman×2	no	no
NKKNSO+Myriad-Bold	Type1	700	88	32	no	3		-	yes
XPNXCU+MyriadPro-Bold	Type1	700	152	32	no	3		-	yes
XLUFCU+Myriad-Bold	Type1	700	75	32	no	3		-	yes
Helvetica-BoldOblique	TrueType	700	144	96	no	2		-	yes
CGXSUK+Symbol	Type0	400	75	4	yes	2		-	no
SNSCKE+Helvetica-BoldOblique	TrueType	700	144	96	no	2		-	yes
SSYTKE+Swiss721BT-Bold	Type0	700	144	4	yes	2		-	yes
ZATOMU+TimesNewRomanPSMT	Type0	400	80	6	yes	2		-	no
CQJVUK+Latha	TrueType	400	84	32	no	2		-	no
STRJKT+TimesNewRomanPSMT	Type0	400	80	6	yes	2		-	no
CPQKUK+Helvetica	Type0	400	88	4	yes	2		-	no
IWOWVY+Helvetica	Type0	400	88	4	yes	2		-	no
CPQKUK+Helvetica-Bold	Type0	700	140	4	yes	2		-	yes
XTEHOY+TimesNewRomanPSMT	Type0	400	80	6	yes	2		-	no
YVPHWR+Arial	Type0	400	88	4	yes	2		-	no
*Arial-257-Identity-H	Type0	-	100	4	yes	1	Helvetica×1	no	no
PNXKTT+Arial	Type0	400	88	4	yes	1		-	no
XSHSCU+Helvetica-Bold	Type0	700	140	4	yes	1		-	yes
XJODCT+AgencyFB-Reg	Type0	400	64	4	yes	1		-	no
MVGNWQ+Arial	Type0	400	88	4	yes	1		-	no
Helvetica-Bold	TrueType	700	140	32	yes	1	Helvetica-Bold×1	yes	yes
NMQSSO+Helvetica-Bold	Type1	700	75	32	no	1		-	yes
HMPKUE+TimesNewRomanPSMT	Type0	400	80	6	yes	1		-	no
ROSSMG+Arial	Type0	400	88	4	yes	1		-	no
ANDERO+Arial	Type0	400	88	4	yes	1		-	no
NNJDSO+TimesNewRomanPS-ItalicMT	TrueType	400	72	98	no	1		-	no
NKKNSO+Myriad-Italic	Type1	400	88	32	no	1		-	no
TimesNewRomanPS-ItalicMT	TrueType	400	72	98	no	1		-	no
DNQWOS+TimesNewRoman	Type0	400	80	6	yes	1		-	no
SRFIKE+Times-Italic	Type0	400	80	70	yes	1	Times-Italic×1	no	no
NQNQVT+AgencyFB-Reg	Type0	400	64	4	yes	1	Helvetica×1	no	no
TRREGG+AgencyFB-Reg	Type0	400	64	4	yes	1		-	no
JRBLSW+Arial	Type0	400	88	4	yes	1		-	no
SSYTKE+Helvetica	Type0	400	88	4	yes	1		-	no
JDWIVB+Arial	Type0	400	88	4	yes	1		-	no
PHSJWT+Arial	Type0	400	88	4	yes	1		-	no
HYOPVZ+TimesNewRomanPSMT	Type0	400	80	6	yes	1		-	no
CQJVUK+Latha	Type1	400	88	32	no	1		-	no
OLLXQR+TimesNewRomanPSMT	Type0	400	80	6	yes	1		-	no
Arial-ItalicMT	TrueType	400	92	96	no	1		-	no
ITBPKD+Arial	Type0	400	88	4	yes	1		-	no
XNBBCU+Times-Roman	Type0	400	84	6	yes	1		-	no
ISBVAY+ArialNarrow-Bold	TrueType	700	112	32	no	0		-	yes
SJZKKE+Univers-Bold	TrueType	700	132	32	no	0		-	yes
NLXHSO+MyriadPro-Bold	Type1	700	152	32	no	0		-	yes
Arial-Black	TrueType	900	200	32	no	0		-	yes
IOOPAY+Helvetica-Narrow	TrueType	400	72	32	no	0		-	no
# line runs 35589; bold by name rule 3744; bold with font resources 3750; changed 6 on 1 pages
# pages with changes: 1
  p1	Helvetica	F
  p1	Helvetica	AA
  p1	Helvetica	H
  p1	Helvetica	8083
  p1	Helvetica	2
  p1	Helvetica	5C
