page	line	token	pieces	class	atRunBoundary	marked
14	21	8and	8 + and	word	no	Find the LCD of 8and 12 
22	26	6and	6 + and	word	no	3 when x =− 6and z =− 2 Replace all x¦′¦s with 6 and z¦′¦s with 2
24	33	6into	6 + into	word	no	Distribute 2 into first parenthesis and− 6into second
24	41	4into	4 + into	word	no	Distribute 4into first parenthesis,− 1into second
24	41	1into	1 + into	word	no	Distribute 4into first parenthesis,− 1into second
25	13	1and	1 + and	word	no	2 ¦;use m = 1and n =2
33	28	4multiplied	4 + multiplied	word	no	Now we focus on the 4multiplied by x
39	23	2through	2 + through	word	no	Distribute the 2through parenthesis
41	15	3through	3 + through	word	no	Distribute 3through parenthesis
44	44	6with	6 + with	word	no	6 Reduce 6with each denominator
45	63	4with	4 + with	word	no	2 Reduce 4with each denominator
60	14	3for	3 + for	word	no	Using constant, substitute 220 for principle and 3for time
60	46	4for	4 + for	word	no	Using the constant, use 4for r, don¦′¦t forget the squared!
68	21	9by	9 + by	word	no	The dimensions of the rectangle are 9by 13.
109	50	2from	2 + from	word	no	5 Solve for y. Subtract 2from both sides
120	39	5from	5 + from	word	no	5− 2x 11 Subtract 5from both sides
125	18	3to	3 + to	word	no	8 3x− 7 and 2x− 3 > 1 Add 7 or 3to both sides
126	23	2from	2 + from	word	no	− 6− 4x +2 < 2 Subtract 2from all three parts
126	29	0and	0 + and	word	no	0 < x 2 Graph x between 0and 2
127	19	3or	3 + or	word	no	29) 1+5k 7k− 3or k− 10 > 2k + 10
127	20	1and	1 + and	word	no	31) ¦2x+ 9 10x+ 1and 3x− 2 < 7x+ 2
127	29	0and	0 + and	word	no	12)− 6+ v 0and 2v > 4
127	36	6or	6 + or	word	no	22)− 6− 8x− 6or 2+ 10x > 82
127	38	6or	6 + or	word	no	26) 4n + 8< 3n− 6or 10n− 8 9 +9n
129	29	4to	4 + to	word	no	− 4− 3|x| − 16 Add 4to both sides
139	31	3first	3 + first	word	no	Solve this equation, distributing− 3first
140	32	3first	3 + first	word	no	Solve this equation, distributing 3first
147	31	6and	6 + and	word	no	We can get opposites in front of x, find LCM of 6and 9,
153	15	4and	4 + and	word	no	Start with first two equations. LCM of 4and 6is 12.
153	15	6is	6 + is	word	no	Start with first two equations. LCM of 4and 6is 12.
153	31	8is	8 + is	word	no	The LCM of 6and− 8is 24.
161	59	3times	3 + times	word	no	3times as many 8cent stamples as 5cent stamps
161	59	8cent	8 + cent	word	no	3times as many 8cent stamples as 5cent stamps
161	59	5cent	5 + cent	word	no	3times as many 8cent stamples as 5cent stamps
186	13	3and	3 + and	word	no	2 Move 3and b to denominator because of negative exponents
189	8	3places	3 + places	word	no	is a small number. Move decimal left 3places
199	13	5by	5 + by	word	no	Multiply− 5by each term
224	14	6and	6 + and	word	no	1· 6and 2· 3 
244	9	5in	5 + in	word	no	x¦2 ¦+ 6x +8 when x =− 6 Substitute− 5in for each variable
253	11	8that	8 + that	word	no	24 is the first multiple of 8that is also divisible by 6
253	17	4and	4 + and	word	no	First find the LCD of coeﬃcients 4and 6
258	35	6by	6 + by	word	no	4 The LCD is 12. Build up, multiply 6by 2and 4 by 3
258	35	2and	2 + and	word	no	4 The LCD is 12. Build up, multiply 6by 2and 4 by 3
271	3	8feet,	8 + feet,	word	no	The flagpole has a shadow of 8feet, but we don¦′¦t know the height
271	26	6for	6 + for	word	no	7 Home team scored 6for every 7 the visitor scored
276	58	5in	5 + in	word	no	Check 5in (x− 1)(x− 2), it works
276	60	2in	2 + in	word	no	Check− 2in (x− 1)(x− 2), it works
280	42	1lbs	1 + lbs	word	no	1lbs
281	2	1lbs	1 + lbs	word	no	1lbs
281	39	1ft	1 + ft	word	no	factor would be squared, ¦1ft
281	45	8cubic	8 + cubic	word	no	Convert 8cubic feet to yd¦3 ¦Write 8ft¦3 ¦as fraction, put it over 1
283	24	1tab	1 + tab	word	no	1tab Convert tab to mg, put tab in denominator
283	30	1tab	1 + tab	word	no	1tab
283	31	1dose	1 + dose	word	no	1dose
283	39	1dose	1 + dose	word	no	1dose
293	51	8works!	8 + works!	word	no	Looking for cubes that divide into 40. The number 8works!
299	51	5and	5 + and	word	no	√ by dividing by 5and 2 respectively
300	13	1more	1 + more	word	no	√ Index is 2, we need two fives in denominator, need 1more
300	50	1more	1 + more	word	no	Index is 3, we need three fives in denominator, need 1more
301	23	1more	1 + more	word	no	√ Index is 2, need two elevens, need 1more
315	63	8as	8 + as	word	no	4 ¦Rewrite 4 as 2¦2 ¦and 8as 2¦3
316	4	9as	9 + as	word	no	3 ¦Rewrite 9as 3¦2
322	13	1is	1 + is	word	no	√ Square root of− 1is i, square root of 4is 2
322	13	4is	4 + is	word	no	√ Square root of− 1is i, square root of 4is 2
322	40	1and	1 + and	word	no	√ Take square root of− 1and 100
329	27	1from	1 + from	word	no	Subtract x and 1from both sides
330	42	0first	0 + first	word	no	3(0)+ 9− (0)+ 4 =− 1 Check x = 0first
335	6	2equations!	2 + equations!	word	no	Solve, need 2equations!
337	28	5from	5 + from	word	no	x +5 =± 3 2√ Subtract 5from both sides
348	15	4from	4 + from	word	no	− 4− 4 +2 + 2 Subtract 4from first, add 2to second
348	15	2to	2 + to	word	no	− 4− 4 +2 + 2 Subtract 4from first, add 2to second
348	37	2from	2 + from	word	no	Subtract 2from the first, subtract 3from the second
348	37	3from	3 + from	word	no	Subtract 2from the first, subtract 3from the second
349	31	2from	2 + from	word	no	Subtract 2from both sides
350	13	2from	2 + from	word	no	Subtract 2from both sides
354	66	9to	9 + to	word	no	Add 9to both sides of each equation
355	5	3to	3 + to	word	no	Add 3to both sides
359	31	2to	2 + to	word	no	x +4is the length. Substitute 2to find
367	18	1from	1 + from	word	no	5 or x =3 Subtract 1from each to find electrician
388	25	3and	3 + and	word	no	− 3and 2. If x were one of those two values, the function would be undefined.
402	27	5inverses?	5 + inverses?	word	no	2− 5inverses? Calculate composition
404	5	4from	4 + from	word	no	Subtract 4from both sides
407	2	8as	8 + as	word	no	Rewrite 8as 2¦3 ¦and 32 as 2¦5
408	10	1to	1 + to	word	no	Add 1to both sides
422	20	1so	1 + so	word	no	, put over 1so we have proportion
422	47	1so	1 + so	word	no	, put over 1so we have a proportion
452	6	9or	9 + or	word	no	1) n− 9or n 2: (− ∞,− 9] [2, ∞)
452	7	4or	4 + or	word	no	2) m− 4or m <− 5 : ( − ∞,− 5) [− 4, ∞)
452	8	5or	5 + or	word	no	3) x 5or x <− 5: ( − ∞,− 5) [5, ∞)
452	9	0or	0 + or	word	no	4) r > 0or r <− 7 : ( − ∞ − 7), (0, ∞)
452	11	7or	7 + or	word	no	6) n <− 7or n > 8 : ( − ∞ − 7), (8, ∞)
452	25	8or	8 + or	word	no	20) r > 8or r <− 6: : ( − ∞,− 6) (8, ∞)
452	27	0or	0 + or	word	no	22) x 0or x > 8 : ( − ∞, 0] (8, ∞)
452	29	5or	5 + or	word	no	24) n 5or n < 1: ( − ∞, 1) [5, ∞)
453	3	1or	1 + or	word	no	28) a 1or a 19 : ( − ∞, 1] [19, ∞)
