case	page	gap	size	leftText	rightText
arxiv-replay-clocks-2023	2	3.59	8.88	tees that if there is a causal relation [6] or if 𝑓	occurred far later than
arxiv-replay-clocks-2023	4	5.11	9.06	Receive event.	Next, we describe how RepCl is updated when
arxiv-replay-clocks-2023	6	6.76	8.94	Observation 1:	Shift and MergeSameEpoch can be implemented
arxiv-replay-clocks-2023	6	5.93	8.88	Observation 2:	Send and Receive can be implemented using 𝑂(𝑥)
arxiv-replay-clocks-2023	10	3.73	8.97	𝑗and 𝑘) is often less than E𝑎. Hence, if 𝑒and 𝑓	occurred at the same
arxiv-replay-clocks-2023	10	5.41	7.04	with physical clocks.	In Proceedings of the 23rd International Conference on
cdc-zombie-pandemic-2011	11	4.58	10.00	a e o u t?	Mrs.
census-rrs2002-01	11	8.28	10.08	grhv d olwwoh ehwwhu wkdq wkh lphwkrg1	Krzhyhu/ zkhq wkh shuwxuedwlrqv jhw
cia-blue-book-14-1955	25	12.45	12.20	meaningful correlation studies.	Either the original data were too subjec
cia-blue-book-14-1955	109	7.83	7.61	Table Al06.	Evaluation of All Sightings for All Years by Duration of Sig
cia-blue-book-14-1955	164	7.38	7.99	c°/ ~('Et:lNF.:, -	S ..Af/A!tlT .F.S'
cia-blue-book-14-1955	311	3.63	11.20	o C o o o E o s C o o a o n O' o o o o o a o o n il c o Co	o o o o o c a o a o o o o o o il
faa-phak-8083-25c	457	2.22	8.00	Note: Fuel burn	figures provided on
faa-phak-8083-25c	505	3.50	10.00	Supercharger.	An engine- or exhaust-driven air compressor
faa-phak-8083-25c	510	3.70	10.00	VYSE.	Best rate-of-climb speed with one engine inoperative.
gpo-911-2004	6	8.23	9.00	. . . and in the White House	98
gpo-911-2004	254	4.24	10.25	States and later check with Atta to confirm that each had arrived.Hawsawi	told
gpo-911-2004	259	5.11	10.25	ning for what later became	the 9/11 attack.At the time of their travel through
gpo-911-2004	438	4.25	10.25	reason to master the subject and the agencies,to conduct oversight of	the intel-
gpo-our-flag-2003	16	6.69	9.00	Hoist (width) of flag	. . . . . . . . . . . . . . .1.0
gpo-our-flag-2003	16	6.87	9.00	Hoist (width) of union	. . . . . . . . . .0.5385
gpo-our-flag-2003	16	7.40	9.00	Diameter of each star	. . . . . . . . . . .0.0616
noaa-nca5-2023	15	13.31	10.00	Key Message 26.1. How We Live: Climate Change Is Degrading Lands,Waters, Culture	26-7
ntrs-20190030725-dasc-2019	2	9.02	9.96	{n :	at least one of the routes (1) has n as a waypoint }
ntrs-20190030725-dasc-2019	10	12.51	7.97	[1] M. S. Andersen, J. Dahl, and L. Vandenberghe.	CVXOPT: A
ntrs-20190030725-dasc-2019	10	10.27	7.97	development: Sprint 2 toward technical capability level 4.	NASA
scotus-loper-bright-2024	5	6.23	9.00	982.	That regime is the antithesis of the time honored approach t
wallace-algebra-2010	38	13.91	11.96	doesn’t matter which term gets moved, 4x or 2x,	however, it would be the
wallace-algebra-2010	72	8.47	11.96	Age Now	+ 2
wallace-algebra-2010	72	8.47	11.96	Age Now	+ 2
wallace-algebra-2010	81	9.58	11.96	Bob	r + 2 3
wallace-algebra-2010	81	19.42	11.96	Fred	r 3
wallace-algebra-2010	81	18.10	11.96	Fred	r 3
wallace-algebra-2010	82	17.96	11.96	+ 4t	+ 4t
wallace-algebra-2010	97	12.71	11.96	Find the slope between (4,	6)and (2,− 1)
wallace-algebra-2010	168	17.47	11.96	70 +x	0.6
wallace-algebra-2010	168	17.35	11.96	70 + x	0.6
wallace-algebra-2010	168	8.40	11.96	Part	Total
wallace-algebra-2010	168	8.40	11.96	Part	Total
wallace-algebra-2010	218	8.49	11.96	− 21b3	+6ab− 14ab2
wallace-algebra-2010	330	9.98	11.96	3x +9 =x + 5− 2	x + 4
wallace-algebra-2010	330	9.98	11.96	2x +4=− 2	x + 4
wallace-algebra-2010	355	21.25	11.96	x− 1= 0	x2 +x + 1= 0
wallace-algebra-2010	355	4.93	11.96	or	x2 +x + 1= 0
wallace-algebra-2010	358	22.22	11.96	x =5	x =− 8
wallace-algebra-2010	358	5.88	11.96	or	x =− 8
wallace-algebra-2010	361	11.11	11.96	200− 2x	200
wallace-algebra-2010	451	4.56	11.96	25)	p <− 1: (− ∞,− 1)
